,District Code,District Name,Zip Code
2150,64212,ABC UNIFIED,     
10231,70920,ABRAXIS CHARTER,95401
8630,68627,ACACIA ELEMENTARY CHARTER,95210
8629,68627,ACACIA MIDDLE CHARTER,95210
2930,64733,ACADEMIA MODERNA,90255
7538,75077,ACADEMY FOR ACADEMIC EXCELLENCE,92307
10284,73882,ACADEMY OF ARTS AND SCIENCES: SONOMA,91361
11007,72504,ACADEMY OF ARTS AND SCIENCES: THOUSAND O,91361
9877,75267,ACADEMY OF PERSONALIZED LEARNING,96002
3031,64733,ACADEMY OF SCIENCE AND ENGINEERING,90016
611,61630,ACALANES UNION HIGH,     
3734,64733,ACCELERATED,90037
4698,65615,ACCELERATED ACHIEVEMENT ACADEMY,95482
2785,64733,ACCELERATED CHARTER ELEMENTARY,90011
9336,69427,ACE CHARTER HIGH,95133
9210,10439,ACE EMPOWER ACADEMY,95116
9384,69450,ACE FRANKLIN MCKINLEY,95112
9552,69666,ACE INSPIRE ACADEMY,95112
233,61259,ACHIEVE ACADEMY,94621
517,61531,ACHIEVE CHARTER SCHOOL OF PARADISE INC.,95969
5822,66761,ACKERMAN CHARTER,     
4363,75309,ACTON-AGUA DULCE UNIFIED,     
9201,76786,ADELANTE CHARTER,93103
6955,67587,ADELANTO ELEMENTARY,     
2915,64733,ALAIN LEROY LOCKE COLLEGE PREPARATORY AC,90061
23,61119,ALAMEDA COMMUNITY LEARNING CENTER,94501
2,10017,ALAMEDA COUNTY OFFICE OF EDUCATION,     
16,61119,ALAMEDA UNIFIED,     
38,61127,ALBANY CITY UNIFIED,     
8130,68338,ALBERT EINSTEIN ACADEMY CHARTER ELEMENTA,92102
7929,68338,ALBERT EINSTEIN ACADEMY CHARTER MIDDLE,92102
4215,65136,"ALBERT EINSTEIN ACADEMY FOR LETTERS, ART",91355
1498,63032,ALDER GROVE CHARTER,95501
10086,70599,ALEXANDER VALLEY UNION ELEMENTARY,     
4409,75713,ALHAMBRA UNIFIED,     
4909,65961,ALISAL UNION,     
8337,75416,ALL TRIBES CHARTER,92082
8333,75416,ALL TRIBES ELEMENTARY CHARTER,92082
10699,71795,ALLENSWORTH ELEMENTARY,     
3059,64733,ALLIANCE ALICE M. BAXTER COLLEGE-READY H,90731
2940,64733,ALLIANCE CINDY AND BILL SIMON TECHNOLOGY,90059
3077,64733,ALLIANCE COLLEGE-READY MIDDLE ACADEMY 12,90011
2927,64733,ALLIANCE COLLEGE-READY MIDDLE ACADEMY 4,90003
2928,64733,ALLIANCE COLLEGE-READY MIDDLE ACADEMY 5,90031
3075,64733,ALLIANCE COLLEGE-READY MIDDLE ACADEMY 8,90063
2828,64733,ALLIANCE COLLINS FAMILY COLLEGE-READY HI,90255
2854,64733,ALLIANCE DR. OLGA MOHAN HIGH,90015
2812,64733,ALLIANCE GERTZ-RESSLER RICHARD MERKIN 6-,90007
2855,64733,ALLIANCE JACK H. SKIRBALL MIDDLE,90059
2825,64733,ALLIANCE JUDY IVIE BURTON TECHNOLOGY ACA,90003
3076,64733,ALLIANCE KORY HUNTER MIDDLE,90001
3073,64733,ALLIANCE LEADERSHIP MIDDLE ACADEMY,90043
2898,64733,ALLIANCE LEICHTMAN-LEVINE FAMILY FOUNDAT,90065
2860,64733,ALLIANCE MARC & EVA STERN MATH AND SCIEN,90032
3019,64733,ALLIANCE MARGARET M. BLOOMFIELD TECHNOLO,90255
3106,64733,ALLIANCE MARINE - INNOVATION AND TECHNOL,91352
2890,64733,ALLIANCE MORGAN MCKINZIE HIGH,90063
2859,64733,ALLIANCE OUCHI-O'DONOVAN 6-12 COMPLEX,90043
2853,64733,ALLIANCE PATTI AND PETER NEUWIRTH LEADER,90037
2897,64733,ALLIANCE PIERA BARBAGLIA SHAHEEN HEALTH,90047
3017,64733,ALLIANCE RENEE AND MEYER LUSKIN ACADEMY,90043
2984,64733,ALLIANCE SUSAN AND ERIC SMIDT TECHNOLOGY,90031
2985,64733,ALLIANCE TED K. TAJIMA HIGH,90026
2941,64733,ALLIANCE TENNENBAUM FAMILY TECHNOLOGY HI,90065
8810,68825,ALMOND ACRES CHARTER ACADEMY,93451
10701,71803,ALPAUGH UNIFIED,     
9236,69369,ALPHA: BLANCA ALVARADO MIDDLE,95122
9379,69450,ALPHA: CORNERSTONE ACADEMY PREPARATORY,95122
9221,10439,ALPHA: JOSE HERNANDEZ,95122
415,61333,ALPINE COUNTY UNIFIED,     
7556,67967,ALPINE UNION ELEMENTARY,     
6973,67595,ALTA LOMA ELEMENTARY,     
10706,71811,ALTA VISTA ELEMENTARY,     
7171,67736,ALTA VISTA SOUTH PUBLIC CHARTER,92410
5824,66779,ALTA-DUTCH FLAT UNION ELEMENTARY,     
24,61119,ALTERNATIVES IN ACTION,94621
9230,69369,ALUM ROCK UNION ELEMENTARY,     
4453,65177,ALVIEW-DAIRYLAND UNION ELEMENTARY,     
1019,61994,ALVINA ELEMENTARY,     
5995,66977,ALVORD UNIFIED,     
418,10033,AMADOR COUNTY OFFICE OF EDUCATION,     
423,73981,AMADOR COUNTY UNIFIED,     
1259,62380,AMBASSADOR PHILLIP V. SANCHEZ PUBLIC CHA,93727
7950,68338,AMERICA'S FINEST CHARTER,92102
241,61259,AMERICAN INDIAN MODEL SCHOOLS,94607
333,61259,AMERICAN INDIAN PUBLIC CHARTER,94607
234,61259,AMERICAN INDIAN PUBLIC HIGH,94607
5177,66423,ANAHEIM ELEMENTARY,     
5204,66431,ANAHEIM UNION HIGH,     
9767,69856,ANDERSON UNION HIGH,     
4661,65540,ANDERSON VALLEY UNIFIED,     
3016,64733,ANIMO COLLEGE PREPARATORY ACADEMY,90002
2989,64733,ANIMO ELLEN OCHOA CHARTER MIDDLE,90023
3115,64733,ANIMO FLORENCE-FIRESTONE CHARTER MIDDLE,90003
2590,64634,ANIMO INGLEWOOD CHARTER HIGH,90305
2857,64733,ANIMO JACKIE ROBINSON HIGH,90007
2990,64733,ANIMO JAMES B. TAYLOR CHARTER MIDDLE,90059
2970,64733,ANIMO JEFFERSON CHARTER MIDDLE,90011
2678,64709,ANIMO LEADERSHIP HIGH,90301
3085,64733,ANIMO MAE JEMISON CHARTER MIDDLE,90061
2811,64733,ANIMO PAT BROWN,90001
2992,64733,ANIMO PHILLIS WHEATLEY CHARTER MIDDLE,90047
2856,64733,ANIMO RALPH BUNCHE CHARTER HIGH,90011
2799,64733,ANIMO SOUTH LOS ANGELES CHARTER,90047
2810,64733,ANIMO VENICE CHARTER HIGH,90291
2858,64733,ANIMO WATTS COLLEGE PREPARATORY ACADEMY,90061
2991,64733,ANIMO WESTERN CHARTER MIDDLE,90047
2971,64733,ANIMO WESTSIDE CHARTER MIDDLE,90066
10607,71472,ANTELOPE ELEMENTARY,     
3888,64857,ANTELOPE VALLEY LEARNING ACADEMY,93550
2182,64246,ANTELOPE VALLEY UNION HIGH,     
645,61648,ANTIOCH CHARTER ACADEMY,94509
624,61648,ANTIOCH CHARTER ACADEMY II,94509
618,61648,ANTIOCH UNIFIED,     
2896,64733,APEX ACADEMY,90028
3027,64733,APPLE ACADEMY CHARTER PUBLIC,90062
7531,75077,APPLE VALLEY UNIFIED,     
2936,64733,ARARAT CHARTER,91401
2198,64261,ARCADIA UNIFIED,     
1425,62679,ARCATA ELEMENTARY,     
11050,72546,"ARCHITECTURE, CONSTRUCTION & ENGINEERING",93010
6522,67280,ARCOHE UNION ELEMENTARY,     
4666,65557,ARENA UNION ELEMENTARY,     
246,61259,ARISE HIGH,94601
1964,63875,ARMONA UNION ELEMENTARY,     
6944,75259,AROMAS/SAN JUAN UNIFIED,     
7935,68338,ARROYO PASEO CHARTER HIGH,92105
7649,68023,ARROYO VISTA CHARTER,91915
2986,64733,ARTS IN ACTION COMMUNITY CHARTER,90023
3117,64733,ARTS IN ACTION COMMUNITY MIDDLE,90023
1657,63313,ARVIN UNION,     
7312,67876,ASA CHARTER,92405
337,61259,ASCEND,94601
1097,62166,ASPEN VALLEY PREPARATORY ACADEMY,93705
6750,67447,ASPIRE ALEXANDER TWILIGHT COLLEGE PREPAR,95821
6751,67447,ASPIRE ALEXANDER TWILIGHT SECONDARY ACAD,95821
2120,10199,ASPIRE ANTONIO MARIA LUGO ACADEMY,90255
8670,68676,ASPIRE APEX ACADEMY,95202
8538,68585,ASPIRE BENJAMIN HOLT COLLEGE PREPARATORY,95212
8552,68585,ASPIRE BENJAMIN HOLT MIDDLE SCHOOL,95212
227,61259,ASPIRE BERKLEY MAYNARD ACADEMY,94608
6671,67439,ASPIRE CAPITOL HEIGHTS ACADEMY,95817
3058,64733,ASPIRE CENTENNIAL COLLEGE PREPARATORY AC,90255
263,61259,ASPIRE COLLEGE ACADEMY,94605
8951,68999,ASPIRE EAST PALO ALTO CHARTER,94303
257,61259,ASPIRE ERES ACADEMY,94601
2976,64733,ASPIRE FIRESTONE ACADEMY CHARTER,90280
2975,64733,ASPIRE GATEWAY ACADEMY CHARTER,90280
254,61259,ASPIRE GOLDEN STATE COLLEGE PREPARATORY,94610
3013,64733,ASPIRE INSKEEP ACADEMY CHARTER,90003
3012,64733,ASPIRE JUANITA TATE ACADEMY CHARTER,90003
2879,64733,ASPIRE JUNIOR COLLEGIATE ACADEMY,90255
8664,68676,ASPIRE LANGSTON HUGHES ACADEMY,95205
272,61259,ASPIRE LIONEL WILSON COLLEGE PREPARATORY,94603
335,61259,ASPIRE MONARCH ACADEMY,94603
2122,10199,ASPIRE OLLIN UNIVERSITY PREPARATORY ACAD,90255
2978,64733,ASPIRE PACIFIC ACADEMY,90255
8660,68676,ASPIRE PORT CITY ACADEMY,95205
796,61796,ASPIRE RICHMOND CA. COLLEGE PREPARATORY,94806
797,61796,ASPIRE RICHMOND TECHNOLOGY ACADEMY,94806
8589,68585,ASPIRE RIVER OAKS CHARTER,95210
8653,68676,ASPIRE ROSA PARKS ACADEMY,95206
3011,64733,ASPIRE SLAUSON ACADEMY CHARTER,90003
10332,71043,ASPIRE SUMMIT CHARTER ACADEMY,95351
2932,64733,ASPIRE TITAN ACADEMY,90255
273,61259,ASPIRE TRIUMPH TECHNOLOGY ACADEMY,94605
10465,71290,ASPIRE UNIVERSITY CHARTER,95355
10415,71175,ASPIRE VANGUARD COLLEGE PREPARATORY ACAD,95319
8587,68585,ASPIRE VINCENT SHALVEY ACADEMY,95212
4364,75309,ASSURANCE LEARNING ACADEMY,93535
8752,68700,ATASCADERO UNIFIED,     
6754,67447,ATKINSON ACADEMY CHARTER,95608
4743,65631,ATWATER ELEMENTARY,     
5826,66787,AUBURN UNION ELEMENTARY,     
7979,68338,AUDEO CHARTER,92121
3955,64881,AVESON GLOBAL LEADERSHIP ACADEMY,91001
3956,64881,AVESON SCHOOL OF LEADERS,91001
2211,64279,AZUSA UNIFIED,     
7449,73858,BAKER VALLEY UNIFIED,     
1662,63321,BAKERSFIELD CITY,     
2230,64287,BALDWIN PARK UNIFIED,     
9067,69104,BALLARD ELEMENTARY,     
4754,65649,BALLICO-CRESSEY ELEMENTARY,     
1574,63123,BALLINGTON ACADEMY FOR THE ARTS AND SCIE,92243
445,61382,BANGOR UNION ELEMENTARY,     
6022,66985,BANNING UNIFIED,     
8498,68486,BANTA ELEMENTARY,     
7783,68189,BARONA INDIAN CHARTER,92040
6985,67611,BARSTOW UNIFIED,     
4456,65185,BASS LAKE JOINT UNION ELEMENTARY,     
2254,64295,BASSETT UNIFIED,     
225,61259,BAY AREA TECHNOLOGY,94605
4903,10272,BAY VIEW ACADEMY,93940
8850,68858,BAYSHORE ELEMENTARY,     
8313,73791,BAYSHORE PREPARATORY CHARTER,92078
7836,68221,BEACON CLASSICAL ACADEMY NATIONAL CITY,91950
6999,67637,BEAR VALLEY UNIFIED,     
1706,63339,BEARDSLEY ELEMENTARY,     
6032,66993,BEAUMONT UNIFIED,     
8241,68452,BELLA MENTE MONTESSORI ACADEMY,92083
9773,69872,BELLA VISTA ELEMENTARY,     
10931,72306,BELLEVIEW ELEMENTARY,     
10094,70615,BELLEVUE UNION,     
8795,68809,BELLEVUE-SANTA FE CHARTER,93405
2263,64303,BELLFLOWER UNIFIED,     
8853,68866,BELMONT-REDWOOD SHORES ELEMENTARY,     
1711,63347,BELRIDGE ELEMENTARY,     
9968,70524,BENICIA UNIFIED,     
10101,70623,BENNETT VALLEY UNION ELEMENTARY,     
46,61143,BERKELEY UNIFIED,     
9259,69377,BERRYESSA UNION ELEMENTARY,     
2813,64733,BERT CORONA CHARTER,91331
3107,64733,BERT CORONA CHARTER HIGH,91331
2280,64311,BEVERLY HILLS UNIFIED,     
1021,62026,BIG CREEK ELEMENTARY,     
1439,62695,BIG LAGOON UNION ELEMENTARY,     
10963,75184,BIG OAK FLAT-GROVELAND UNIFIED,     
1014,10108,BIG PICTURE EDUCATIONAL ACADEMY,93706
1625,63248,BIG PINE UNIFIED,     
9897,70185,BIG SPRINGS UNION ELEMENTARY,     
5045,75150,BIG SUR CHARTER,93940
5044,75150,BIG SUR UNIFIED,     
2088,64089,BIG VALLEY JOINT UNIFIED,     
447,61408,BIGGS UNIFIED,     
3136,64733,BIRMINGHAM COMMUNITY CHARTER HIGH,91406
1640,76687,BISHOP UNIFIED,     
6911,67454,BITTERWATER-TULLY ELEMENTARY,     
9775,69880,BLACK BUTTE UNION ELEMENTARY,     
1002,73783,BLACK OAK MINE UNIFIED,     
1713,63354,BLAKE ELEMENTARY,     
9069,69112,BLOCHMAN UNION ELEMENTARY,     
1441,62703,BLUE LAKE UNION ELEMENTARY,     
480,61424,BLUE OAK CHARTER,95926
9899,70193,BOGUS ELEMENTARY,     
4538,65300,BOLINAS-STINSON UNION,     
2288,64329,BONITA UNIFIED,     
9673,69732,BONNY DOON UNION ELEMENTARY,     
8353,76851,BONSALL UNIFIED,     
7562,67983,BORREGO SPRINGS UNIFIED,     
4923,65979,BRADLEY UNION ELEMENTARY,     
1543,63073,BRAWLEY ELEMENTARY,     
1549,63081,BRAWLEY UNION HIGH,     
5226,66449,BREA-OLINDA UNIFIED,     
647,61655,BRENTWOOD UNION ELEMENTARY,     
551,61556,BRET HARTE UNION HIGH,     
10972,10561,BRIDGES CHARTER,91360
1443,62729,BRIDGEVILLE ELEMENTARY,     
10978,72447,BRIGGS ELEMENTARY,     
2875,64733,BRIGHT STAR SECONDARY CHARTER ACADEMY,90045
8862,68874,BRISBANE ELEMENTARY,     
10546,71357,BRITTAN ELEMENTARY,     
10548,71365,BROWNS ELEMENTARY,     
929,61838,BUCKEYE UNION ELEMENTARY,     
9094,69138,BUELLTON UNION ELEMENTARY,     
5237,66456,BUENA PARK ELEMENTARY,     
10708,71829,BUENA VISTA ELEMENTARY,     
9206,10439,BULLIS CHARTER,94022
2304,64337,BURBANK UNIFIED,     
8866,68882,BURLINGAME ELEMENTARY,     
10667,71662,BURNT RANCH ELEMENTARY,     
1023,62042,BURREL UNION ELEMENTARY,     
10710,71837,BURTON ELEMENTARY,     
437,10041,BUTTE COUNTY OFFICE OF EDUCATION,     
9952,73684,BUTTE VALLEY UNIFIED,     
9901,70201,BUTTEVILLE UNION ELEMENTARY,     
1739,63370,BUTTONWILLOW UNION ELEMENTARY,     
660,61663,BYRON UNION ELEMENTARY,     
8875,68890,CABRILLO UNIFIED,     
7569,67991,CAJON VALLEY UNION,     
547,10058,CALAVERAS COUNTY OFFICE OF EDUCATION,     
556,61564,CALAVERAS UNIFIED,     
1552,63099,CALEXICO UNIFIED,     
605,10074,CALIBER: BETA ACADEMY,94804
10055,70581,CALIBER: CHANGEMAKERS ACADEMY,94590
1741,63388,CALIENTE UNION ELEMENTARY,     
3114,64733,CALIFORNIA COLLEGIATE CHARTER,90062
2071,64055,CALIFORNIA CONNECTIONS ACADEMY AT NORTH B,95461
8642,68650,CALIFORNIA CONNECTIONS ACADEMY AT RIPON,95366
10702,71803,CALIFORNIA CONNECTIONS ACADEMYATCENTRAL,93201
6517,32276,CALIFORNIA EDUCATION AUTHORITY (CEA) HEA,     
10665,10538,CALIFORNIA HERITAGE YOUTHBUILD ACADEMY I,96002
6674,67439,CALIFORNIA MONTESSORI PROJECT - CAPITOL,95826
6535,67314,CALIFORNIA MONTESSORI PROJECT - ELK GROV,95624
6748,67447,CALIFORNIA MONTESSORI PROJECT-SAN JUAN C,95608
932,61838,CALIFORNIA MONTESSORI PROJECT-SHINGLE SP,95682
8334,75416,CALIFORNIA PACIFIC CHARTER SCHOOLS - SAN,92086
10567,71415,CALIFORNIA PREP SUTTER 8-12,95957
10566,71415,CALIFORNIA PREP SUTTER K-7,95957
12,31609,CALIFORNIA SCHOOL FOR THE BLIND (STATE S,     
14,31617,CALIFORNIA SCHOOL FOR THE DEAF-FREMONT (,     
5993,31625,CALIFORNIA SCHOOL FOR THE DEAF-RIVERSIDE,     
7399,67892,CALIFORNIA STEAM SAN BERNARDINO,93562
9174,75010,CALIFORNIA STEAM SANTA BARBARA,93254
10140,70797,CALIFORNIA STEAM SONOMA,94952
1242,62331,CALIFORNIA VIRTUAL ACADEMY AT FRESNO,93065
10939,72363,CALIFORNIA VIRTUAL ACADEMY AT JAMESTOWN,93063
1966,63875,CALIFORNIA VIRTUAL ACADEMY AT KINGS,93065
4153,65094,CALIFORNIA VIRTUAL ACADEMY AT LOS ANGELES,93065
1845,63628,CALIFORNIA VIRTUAL ACADEMY AT MARICOPA,93065
8192,68403,CALIFORNIA VIRTUAL ACADEMY AT SAN DIEGO,93065
8628,68627,CALIFORNIA VIRTUAL ACADEMY AT SAN JOAQUIN,93065
8891,68916,CALIFORNIA VIRTUAL ACADEMY AT SAN MATEO,93065
10139,70797,CALIFORNIA VIRTUAL ACADEMY AT SONOMA,93065
10565,71415,CALIFORNIA VIRTUAL ACADEMY AT SUTTER,93065
1564,63107,CALIPATRIA UNIFIED,     
5065,66241,CALISTOGA JOINT UNIFIED,     
11049,72546,CAMARILLO ACADEMY OF PROGRESSIVE EDUCATI,93010
9274,69385,CAMBRIAN,     
2983,64733,CAMINO NUEVO ACADEMY #2,90020
3741,64733,CAMINO NUEVO CHARTER ACADEMY,90057
3015,64733,CAMINO NUEVO CHARTER ACADEMY #4,90026
2809,64733,CAMINO NUEVO CHARTER HIGH,90026
2973,64733,CAMINO NUEVO ELEMENTARY #3,90007
3069,64733,CAMINO NUEVO HIGH #2,90004
942,61846,CAMINO SCIENCE AND NATURAL RESOURCES CHA,95709
941,61846,CAMINO UNION ELEMENTARY,     
9282,69393,CAMPBELL UNION,     
9296,69401,CAMPBELL UNION HIGH,     
11286,72728,CAMPTONVILLE ELEMENTARY,     
665,61671,CANYON ELEMENTARY,     
1388,62554,CAPAY JOINT UNION ELEMENTARY,     
5252,66464,CAPISTRANO CONNECTIONS ACADEMY,92675
5246,66464,CAPISTRANO UNIFIED,     
6678,67439,CAPITOL COLLEGIATE ACADEMY,95832
7600,68007,CARDIFF ELEMENTARY,     
8265,73551,CARLSBAD UNIFIED,     
4926,65987,CARMEL UNIFIED,     
9097,69146,CARPINTERIA UNIFIED,     
1117,62166,CARTER G. WOODSON PUBLIC CHARTER,93726
1368,75598,CARUTHERS UNIFIED,     
7317,67876,"CASA RAMONA ACADEMY FOR TECHNOLOGY, COMM",92411
9778,69914,CASCADE UNION ELEMENTARY,     
2327,64345,CASTAIC UNION,     
9783,69922,CASTLE ROCK UNION ELEMENTARY,     
66,61150,CASTRO VALLEY UNIFIED,     
8766,68726,CAYUCOS ELEMENTARY,     
9695,69799,CEIBA COLLEGE PREPARATORY ACADEMY,95076
4237,73437,CELERITY ACHERNAR CHARTER,90222
2988,64733,CELERITY CARDINAL CHARTER,91352
2888,64733,CELERITY DYAD CHARTER,90011
2826,64733,CELERITY NASCENT CHARTER,90018
2977,64733,CELERITY OCTAVIA CHARTER,90065
2987,64733,CELERITY PALMATI CHARTER,91606
2889,64733,CELERITY TROIKA CHARTER,90041
2884,64733,CENTER FOR ADVANCED LEARNING,90011
7332,67876,CENTER FOR LEARNING AND EDUCATIONAL SUCC,92405
6821,73973,CENTER JOINT UNIFIED,     
2332,64352,CENTINELA VALLEY UNION HIGH,     
2788,64733,CENTRAL CITY VALUE,90004
7008,67645,CENTRAL ELEMENTARY,     
1310,73965,CENTRAL UNIFIED,     
1969,63883,CENTRAL UNION ELEMENTARY,     
1569,63115,CENTRAL UNION HIGH,     
5310,66472,CENTRALIA ELEMENTARY,     
2675,64709,CENTURY ACADEMY FOR EXCELLENCE,90305
2674,64709,CENTURY COMMUNITY CHARTER,90301
10324,71043,CERES UNIFIED,     
7017,67652,CHAFFEY JOINT UNION HIGH,     
2823,64733,CHAMPS - CHARTER HS OF ARTS-MULTIMEDIA &,91405
2341,64378,CHARTER OAK UNIFIED,     
9479,69583,CHARTER SCHOOL OF MORGAN HILL,95037
7973,68338,CHARTER SCHOOL OF SAN DIEGO,92121
10350,71050,CHATOM UNION,     
4512,75606,CHAWANAKEE UNIFIED,     
5123,66316,CHICAGO PARK ELEMENTARY,     
478,61424,CHICO COUNTRY DAY,95928
451,61424,CHICO UNIFIED,     
2583,64634,CHILDREN OF PROMISE PREPARATORY ACADEMY,90303
529,61531,CHILDREN'S COMMUNITY CHARTER,95969
3744,64733,CHIME INSTITUTE'S SCHWARZENEGGER COMMUNI,91364
7030,67678,CHINO VALLEY UNIFIED,     
4462,65193,CHOWCHILLA ELEMENTARY,     
4466,65201,CHOWCHILLA UNION HIGH,     
9761,10454,CHRYSALIS CHARTER,96073
4933,65995,CHUALAR UNION,     
7603,68023,CHULA VISTA ELEMENTARY,     
7647,68023,CHULA VISTA LEARNING COMMUNITY CHARTER,91911
6913,67462,CIENEGA UNION ELEMENTARY,     
10105,70649,CINNABAR ELEMENTARY,     
3030,64733,CITIZENS OF THE WORLD 2,90028
3032,64733,CITIZENS OF THE WORLD 3,90064
2972,64733,CITIZENS OF THE WORLD CHARTER HOLLYWOOD,90028
5172,10306,CITRUS SPRINGS CHARTER,92705
8376,68478,CITY ARTS AND TECH HIGH,94112
7951,68338,CITY HEIGHTS PREPARATORY CHARTER,92105
3067,64733,CITY LANGUAGE IMMERSION CHARTER,90008
2353,64394,CLAREMONT UNIFIED,     
7715,68098,CLASSICAL ACADEMY,92025
7717,68106,CLASSICAL ACADEMY HIGH,92025
1025,62109,CLAY JOINT ELEMENTARY,     
609,10074,CLAYTON VALLEY CHARTER HIGH,94521
5126,66324,CLEAR CREEK ELEMENTARY,     
2703,64725,CLEAR PASSAGE EDUCATIONAL CENTER,90813
3094,64733,CLEMENTE CHARTER,90270
10107,70656,CLOVERDALE UNIFIED,     
1027,62117,CLOVIS UNIFIED,     
6380,73676,COACHELLA VALLEY UNIFIED,     
1077,62125,COALINGA-HURON UNIFIED,     
8837,75465,COAST UNIFIED,     
8284,73569,COASTAL ACADEMY,92056
1431,62679,COASTAL GROVE CHARTER,95521
10669,71670,COFFEE CREEK ELEMENTARY,     
9106,69161,COLD SPRING ELEMENTARY,     
5833,66795,COLFAX ELEMENTARY,     
9108,69179,COLLEGE ELEMENTARY,     
7819,68213,COLLEGE PREPARATORY MIDDLE,91942
7067,67686,COLTON JOINT UNIFIED,     
9785,69948,COLUMBIA ELEMENTARY,     
10933,72348,COLUMBIA UNION,     
10719,71852,COLUMBINE ELEMENTARY,     
576,10066,COLUSA COUNTY OFFICE OF EDUCATION,     
578,61598,COLUSA UNIFIED,     
4374,75309,COMMUNITY COLLABORATIVE CHARTER,93510
7661,68049,COMMUNITY MONTESSORI CHARTER,92026
6854,76505,COMMUNITY OUTREACH ACADEMY,95652
3098,64733,COMMUNITY PREPARATORY ACADEMY,90044
5258,66464,COMMUNITY ROOTS ACADEMY,92677
4,10017,COMMUNITY SCHOOL FOR CREATIVE EDUCATION,94606
1243,62331,COMPASS CHARTER SCHOOLS OF FRESNO,91361
4377,75309,COMPASS CHARTER SCHOOLS OF LOS ANGELES,91361
7824,68213,COMPASS CHARTER SCHOOLS OF SAN DIEGO,91361
4234,73437,COMPTON UNIFIED,     
11146,73759,CONEJO VALLEY UNIFIED,     
8961,69005,CONNECT COMMUNITY CHARTER,94063
10521,75572,CONNECTING WATERS CHARTER,95386
242,61259,CONSERVATORY OF VOCAL/INSTRUMENTAL ARTS,94619
600,10074,CONTRA COSTA COUNTY OFFICE OF EDUCATION,     
607,10074,CONTRA COSTA SCHOOL OF PERFORMING ARTS,94598
1974,63891,CORCORAN JOINT UNIFIED,     
438,10041,CORE BUTTE CHARTER,95926
11288,72728,CORE CHARTER,95901
5817,10314,CORE PLACER CHARTER,95713
10615,71498,CORNING UNION ELEMENTARY,     
10623,71506,CORNING UNION HIGH,     
6046,67033,CORONA-NORCO UNIFIED,     
7652,68031,CORONADO UNIFIED,     
10282,73882,COTATI-ROHNERT PARK UNIFIED,     
9790,69955,COTTONWOOD UNION ELEMENTARY,     
7825,68213,COUNTY COLLABORATIVE CHARTER,91962
2366,64436,COVINA-VALLEY UNIFIED,     
10,10017,COX ACADEMY,94603
8483,68478,CREATIVE ARTS CHARTER,94115
10283,73882,CREDO HIGH,94928
5870,66852,CREEKSIDE CHARTER,96146
2793,64733,CRENSHAW ARTS-TECHNOLOGY CHARTER HIGH,90008
10782,72140,CRESCENT VALLEY PUBLIC CHARTER,93291
1300,62547,CRESCENT VIEW SOUTH CHARTER,93722
1012,10108,CRESCENT VIEW WEST CHARTER,93726
2944,64733,CROWN PREPARATORY ACADEMY,90018
7096,67694,CUCAMONGA ELEMENTARY,     
1445,62737,CUDDEBACK UNION ELEMENTARY,     
2385,64444,CULVER CITY UNIFIED,     
9304,69419,CUPERTINO UNION,     
10936,72355,CURTIS CREEK ELEMENTARY,     
10721,71860,CUTLER-OROSI JOINT UNIFIED,     
1447,62745,CUTTEN ELEMENTARY,     
9173,75010,CUYAMA JOINT UNIFIED,     
5320,66480,CYPRESS ELEMENTARY,     
4437,76869,DA VINCI COMMUNICATIONS HIGH,90250
4435,76869,DA VINCI DESIGN,90250
4436,76869,DA VINCI INNOVATION ACADEMY,90250
4434,76869,DA VINCI SCIENCE,90250
8013,68338,DARNALL CHARTER,92115
11214,72678,DAVIS JOINT UNIFIED,     
1628,63271,DEATH VALLEY UNIFIED,     
7666,68049,DEHESA CHARTER,92026
7658,68049,DEHESA ELEMENTARY,     
7667,68056,DEL MAR UNION ELEMENTARY,     
902,10082,DEL NORTE COUNTY OFFICE OF EDUCATION,     
908,61820,DEL NORTE COUNTY UNIFIED,     
1756,63412,DELANO JOINT UNION HIGH,     
1743,63404,DELANO UNION ELEMENTARY,     
4856,75366,DELHI UNIFIED,     
9903,70227,DELPHIC ELEMENTARY,     
6644,67413,DELTA ELEMENTARY CHARTER,95612
10354,71068,DENAIR UNIFIED,     
6098,67041,DESERT CENTER UNIFIED,     
2196,64246,DESERT SANDS CHARTER,93534
6100,67058,DESERT SANDS UNIFIED,     
6954,10363,DESERT TRAILS PREPARATORY ACADEMY,92301
9024,69047,DESIGN TECH HIGH,94010
1761,63420,DI GIORGIO ELEMENTARY,     
7659,68049,DIEGO HILLS CHARTER,92115
7564,67983,DIEGO SPRINGS ACADEMY,91910
7765,68163,DIEGO VALLEY CHARTER,92021
10901,75531,DINUBA UNIFIED,     
7644,68023,DISCOVERY CHARTER,91910
9219,10439,DISCOVERY CHARTER II,95123
2886,64733,DISCOVERY CHARTER PREPARATORY SCHOOL #2,91342
4540,65318,DIXIE ELEMENTARY,     
9980,70532,DIXON MONTESSORI CHARTER,95620
9978,70532,DIXON UNIFIED,     
4849,75317,DOS PALOS ORO LOMA JOINT UNIFIED,     
10671,71696,DOUGLAS CITY ELEMENTARY,     
2396,64451,DOWNEY UNIFIED,     
265,61259,DOWNTOWN CHARTER ACADEMY,94606
9213,10439,DOWNTOWN COLLEGE PREP - ALUM ROCK,95122
9555,69666,DOWNTOWN COLLEGE PREPARATORY,95110
9551,69666,DOWNTOWN COLLEGE PREPARATORY MIDDLE,95110
3745,64733,DOWNTOWN VALUE,90015
8663,68676,DR. LEWIS DOLPHIN STALLWORTH SR. CHARTER,95205
5836,66803,DRY CREEK JOINT ELEMENTARY,     
2419,64469,DUARTE UNIFIED,     
383,75093,DUBLIN UNIFIED,     
10730,71894,DUCOR UNION ELEMENTARY,     
10113,70672,DUNHAM ELEMENTARY,     
9905,70243,DUNSMUIR ELEMENTARY,     
9907,70250,DUNSMUIR JOINT UNION HIGH,     
481,61432,DURHAM UNIFIED,     
7955,68338,E3 CIVIC HIGH,92101
10732,71902,EARLIMART ELEMENTARY,     
266,61259,EAST BAY INNOVATION ACADEMY,94605
10550,71373,EAST NICOLAUS JOINT UNION HIGH,     
219,61259,EAST OAKLAND LEADERSHIP ACADEMY,94605
9035,69062,EAST PALO ALTO ACADEMY,94303
9331,69427,EAST SIDE UNION HIGH,     
2438,64485,EAST WHITTIER CITY ELEMENTARY,     
4888,73668,EASTERN SIERRA UNIFIED,     
2430,64477,EASTSIDE UNION ELEMENTARY,     
10527,75739,ECADEMY CHARTER AT CRANE,95380
8417,68478,EDISON CHARTER ACADEMY,94114
1763,63438,EDISON ELEMENTARY,     
1018,10108,EDISON-BETHUNE CHARTER ACADEMY,93706
3024,64733,EDNOVATE - USC HYBRID HIGH,90071
5609,66670,EDWARD B. COLE ACADEMY,92701
4690,65607,EEL RIVER CHARTER,95428
7570,67991,EJE ELEMENTARY ACADEMY CHARTER,92020
7572,67991,EJE MIDDLE ACADEMY,92020
3173,64733,EL CAMINO REAL CHARTER HIGH,91367
1573,63123,EL CENTRO ELEMENTARY,     
921,10090,EL DORADO COUNTY OFFICE OF EDUCATION,     
944,61853,EL DORADO UNION HIGH,     
2453,64501,EL MONTE CITY,     
2470,64519,EL MONTE UNION HIGH,     
4756,65680,EL NIDO ELEMENTARY,     
2479,64527,EL RANCHO UNIFIED,     
2494,64535,EL SEGUNDO UNIFIED,     
5669,66670,EL SOL SANTA ANA SCIENCE AND ARTS ACADEM,92701
1953,75168,EL TEJON UNIFIED,     
10698,10546,ELEANOR ROOSEVELT COMMUNITY LEARNING CEN,93292
7960,68338,ELEVATE ELEMENTARY,92123
6524,67314,ELK GROVE UNIFIED,     
1766,63446,ELK HILLS ELEMENTARY,     
10626,71514,ELKINS ELEMENTARY,     
6590,67322,ELVERTA JOINT ELEMENTARY,     
82,61168,EMERY UNIFIED,     
7169,67736,EMPIRE SPRINGS CHARTER,92342
10360,71076,EMPIRE UNION ELEMENTARY,     
7959,68338,EMPOWER CHARTER,92111
4376,75309,EMPOWER GENERATIONS,93536
11211,10579,EMPOWERING POSSIBILITIES INTERNATIONAL C,95691
7677,68080,ENCINITAS UNION ELEMENTARY,     
6315,67215,ENCORE HIGH SCHOOL FOR THE ARTS - RIVERS,92501
7484,75044,ENCORE JR./SR. HIGH SCHOOL FOR THE PERFO,92345
2925,64733,ENDEAVOR COLLEGE PREPARATORY CHARTER,90012
9794,69971,ENTERPRISE ELEMENTARY,     
2663,64691,ENVIRONMENTAL CHARTER HIGH,90260
2123,10199,ENVIRONMENTAL CHARTER MIDDLE,90247
2139,10199,ENVIRONMENTAL CHARTER MIDDLE - INGLEWOOD,90303
3,10017,ENVISION ACADEMY FOR ARTS & TECHNOLOGY,94612
264,61259,EPIC CHARTER,94601
5169,10306,EPIC CHARTER SCHOOL,92805
7696,68098,EPIPHANY PREP CHARTER,92025
3029,64733,EQUITAS ACADEMY #2,90005
2924,64733,EQUITAS ACADEMY CHARTER,90015
8502,68502,ESCALON CHARTER ACADEMY,95320
8501,68502,ESCALON UNIFIED,     
7720,68106,ESCONDIDO CHARTER HIGH,92027
7688,68098,ESCONDIDO UNION,     
7716,68106,ESCONDIDO UNION HIGH,     
9346,69427,ESCUELA POPULAR ACCELERATED FAMILY LEARN,95127
9332,69427,ESCUELA POPULAR/CENTER FOR TRAINING AND,95127
11232,72686,ESPARTO UNIFIED,     
7102,67702,ETIWANDA ELEMENTARY,     
1521,75515,EUREKA CITY SCHOOLS,     
5847,66829,EUREKA UNION,     
7945,68338,EVANGELINE ROBERTS INSTITUTE OF LEARNING,92114
9034,69062,EVEREST PUBLIC HIGH,94063
3096,64733,EVEREST VALUE,90005
9356,69435,EVERGREEN ELEMENTARY,     
10628,71522,EVERGREEN UNION,     
7323,67876,EXCEL PREP CHARTER,92404
6249,67157,EXCEL PREP CHARTER - IE,92583
7426,67934,EXCELSIOR CHARTER,92395
3065,64733,EXECUTIVE PREPARATORY ACADEMY OF FINANCE,90249
10918,76836,EXETER UNIFIED,     
2993,64733,EXTERA PUBLIC,90033
3079,64733,EXTERA PUBLIC SCHOOL NO. 2,90023
4471,65243,EZEQUIEL TAFOYA ALVARADO ACADEMY,93638
1768,63461,FAIRFAX ELEMENTARY,     
9988,70540,FAIRFIELD-SUISUN UNIFIED,     
9805,69989,FALL RIVER JOINT UNIFIED,     
7725,68114,FALLBROOK UNION ELEMENTARY,     
7737,68122,FALLBROOK UNION HIGH,     
2334,64352,FAMILY FIRST CHARTER,90260
9070,69112,FAMILY PARTNERSHIP HOME STUDY CHARTER,93454
10872,75325,FARMERSVILLE UNIFIED,     
7626,68023,FEASTER (MAE L.) CHARTER,91910
485,61440,FEATHER FALLS UNION ELEMENTARY,     
3345,64733,FENTON AVENUE CHARTER,91342
3100,64733,FENTON STEM ACADEMY: ELEMENTARY CENTER F,91352
1513,75374,FERNDALE UNIFIED,     
1449,62794,FIELDBROOK ELEMENTARY,     
10981,72454,FILLMORE UNIFIED,     
1304,73809,FIREBAUGH-LAS DELTAS UNIFIED,     
8378,68478,FIVE KEYS ADULT SCHOOL (SF SHERIFF'S),94107
8374,68478,FIVE KEYS CHARTER (SF SHERIFF'S),94066
8379,68478,FIVE KEYS INDEPENDENCE HS (SF SHERIFF'S),94107
10636,71530,FLOURNOY UNION ELEMENTARY,     
6594,67330,FOLSOM-CORDOVA UNIFIED,     
7121,67710,FONTANA UNIFIED,     
10927,10553,FOOTHILL LEADERSHIP ACADEMY,95370
454,61424,FOREST RANCH CHARTER,95942
5856,66837,FORESTHILL UNION ELEMENTARY,     
10116,70680,FORESTVILLE UNION ELEMENTARY,     
9909,70292,FORKS OF SALMON ELEMENTARY,     
4669,65565,FORT BRAGG UNIFIED,     
10120,70698,FORT ROSS ELEMENTARY,     
2113,75036,FORT SAGE UNIFIED,     
1531,76802,FORTUNA ELEMENTARY,     
1451,62810,FORTUNA UNION HIGH,     
6516,10348,FORTUNE,95823
5328,66498,FOUNTAIN VALLEY ELEMENTARY,     
1087,62158,FOWLER UNIFIED,     
275,61259,FRANCOPHONE CHARTER SCHOOL OF OAKLAND,94605
10552,71381,FRANKLIN ELEMENTARY,     
9376,69450,FRANKLIN-MCKINLEY ELEMENTARY,     
85,61176,FREMONT UNIFIED,     
9400,69468,FREMONT UNION HIGH,     
9815,69997,FRENCH GULCH-WHISKEYTOWN ELEMENTARY,     
1456,62828,FRESHWATER ELEMENTARY,     
1011,10108,FRESNO COUNTY OFFICE OF EDUCATION,     
1096,62166,FRESNO UNIFIED,     
1773,63479,FRUITVALE ELEMENTARY,     
1426,62679,FUENTE NUEVA CHARTER,95521
5340,66506,FULLERTON ELEMENTARY,     
5362,66514,FULLERTON JOINT UNION HIGH,     
10528,75739,FUSION CHARTER,95380
6855,76505,FUTURES HIGH,95660
2824,64733,GABRIELLA CHARTER,90026
6628,67348,GALT JOINT UNION ELEMENTARY,     
6636,67355,GALT JOINT UNION HIGH,     
5372,66522,GARDEN GROVE UNIFIED,     
1459,62836,GARFIELD ELEMENTARY,     
2500,64550,GARVEY ELEMENTARY,     
5988,10330,GATEWAY COLLEGE AND CAREER ACADEMY,92506
8398,68478,GATEWAY HIGH,94115
6752,67447,GATEWAY INTERNATIONAL,95864
8384,68478,GATEWAY MIDDLE,94115
9873,75267,GATEWAY UNIFIED,     
9911,70318,GAZELLE UNION ELEMENTARY,     
1779,63487,GENERAL SHAFTER ELEMENTARY,     
10638,71548,GERBER UNION ELEMENTARY,     
10122,70706,GEYSERVILLE UNIFIED,     
2874,64733,GIFTED ACADEMY OF MATHEMATICS AND ENTREP,90043
9412,69484,GILROY PREP (A NAVIGATOR SCHOOL),95020
9408,69484,GILROY UNIFIED,     
3112,64733,GIRLS ATHLETIC LEADERSHIP SCHOOL LOS ANG,91402
4527,76414,GLACIER HIGH SCHOOL CHARTER,93644
2512,64568,GLENDALE UNIFIED,     
2545,64576,GLENDORA UNIFIED,     
1382,10116,GLENN COUNTY OFFICE OF EDUCATION,     
2881,64733,GLOBAL EDUCATION ACADEMY,90037
3095,64733,GLOBAL EDUCATION ACADEMY 2,90007
3078,64733,GLOBAL EDUCATION ACADEMY MIDDLE,90007
5180,66423,GOALS ACADEMY,92801
2914,64733,GOETHE INTERNATIONAL CHARTER,90066
953,61879,GOLD OAK UNION ELEMENTARY,     
10954,72413,GOLD RUSH CHARTER,95370
956,61887,GOLD TRAIL UNION ELEMENTARY,     
9894,10470,GOLDEN EAGLE CHARTER,96067
488,61457,GOLDEN FEATHER UNION ELEMENTARY,     
131,61192,GOLDEN OAK MONTESSORI OF HAYWARD,94546
1349,75234,GOLDEN PLAINS UNIFIED,     
11004,72470,GOLDEN VALLEY CHARTER,93003
6753,67447,GOLDEN VALLEY ORCHARD,95662
6749,67447,GOLDEN VALLEY RIVER,95662
4501,75580,GOLDEN VALLEY UNIFIED,     
9111,69195,GOLETA UNION ELEMENTARY,     
7943,68338,GOMPERS PREPARATORY ACADEMY,92102
5056,75473,GONZALES UNIFIED,     
2556,64584,GORMAN JOINT,     
2557,64584,GORMAN LEARNING CENTER,92374
2584,64634,GRACE HOPPER STEM ACADEMY,90301
3186,64733,GRANADA HILLS CHARTER HIGH,91344
9817,70003,GRANT ELEMENTARY,     
5128,66332,GRASS VALLEY ELEMENTARY,     
10368,71084,GRATTON ELEMENTARY,     
10125,70714,GRAVENSTEIN UNION ELEMENTARY,     
4935,66027,GRAVES ELEMENTARY,     
10316,10504,GREAT VALLEY ACADEMY,95350
10444,71266,GREAT VALLEY ACADEMY - SALIDA,95356
7763,68155,GREATER SAN DIEGO ACADEMY,91935
1461,62851,GREEN POINT ELEMENTARY,     
4779,65755,GREEN VALLEY CHARTER,93635
1781,63503,GREENFIELD UNION,     
4937,66035,GREENFIELD UNION ELEMENTARY,     
9913,70326,GRENADA ELEMENTARY,     
540,75507,GRIDLEY UNIFIED,     
1652,10157,GRIMMWAY ACADEMY,93203
7741,68130,GROSSMONT UNION HIGH,     
7252,67843,GROVE,92373
9121,69203,GUADALUPE UNION ELEMENTARY,     
8239,68452,GUAJOME LEARNING CENTER,92083
8244,68452,GUAJOME PARK ACADEMY CHARTER,92083
10129,70722,GUERNEVILLE ELEMENTARY,     
3915,64857,GUIDANCE CHARTER,93550
4841,73619,GUSTINE UNIFIED,     
4276,73445,HACIENDA LA PUENTE UNIFIED,     
1413,76562,HAMILTON UNIFIED,     
1982,63917,HANFORD ELEMENTARY,     
1995,63925,HANFORD JOINT UNION HIGH,     
9915,70334,HAPPY CAMP UNION ELEMENTARY,     
9675,69757,HAPPY VALLEY ELEMENTARY,     
9819,70011,HAPPY VALLEY UNION ELEMENTARY,     
7766,68163,HARBOR SPRINGS CHARTER,92036
7324,67876,HARDY BROWN COLLEGE PREP,92410
10131,70730,HARMONY UNION ELEMENTARY,     
8055,68338,HARRIET TUBMAN VILLAGE CHARTER,92115
10371,71092,HART-RANSOM UNION ELEMENTARY,     
8196,68411,HAWKING S.T.E.A.M. CHARTER,91911
8197,68411,HAWKING S.T.E.A.M. CHARTER SCHOOL 2,92154
2559,64592,HAWTHORNE,     
127,61192,HAYWARD UNIFIED,     
10307,75390,HEALDSBURG UNIFIED,     
7934,68338,HEALTH SCIENCES HIGH,92105
7957,68338,HEALTH SCIENCES MIDDLE,92102
1588,63131,HEBER ELEMENTARY,     
7167,67736,HELENDALE ELEMENTARY,     
7754,68130,HELIX HIGH,91941
6135,67082,HEMET UNIFIED,     
7694,68098,HERITAGE DIGITAL ACADEMY CHARTER MIDDLE,92027
7689,68098,HERITAGE K-8 CHARTER,92027
6857,76505,HERITAGE PEAK CHARTER,95673
2572,64600,HERMOSA BEACH CITY ELEMENTARY,     
7476,75044,HESPERIA UNIFIED,     
10375,71100,HICKMAN COMMUNITY CHARTER,     
7961,68338,HIGH TECH ELEMENTARY,92106
8351,76471,HIGH TECH ELEMENTARY CHULA VISTA,91915
8126,68338,HIGH TECH ELEMENTARY EXPLORER,92106
8352,76471,HIGH TECH ELEMENTARY NORTH COUNTY,92078
7978,68338,HIGH TECH HIGH,92106
8347,76471,HIGH TECH HIGH CHULA VISTA,91915
7907,68338,HIGH TECH HIGH INTERNATIONAL,92106
7924,68338,HIGH TECH HIGH MEDIA ARTS,92106
8348,76471,HIGH TECH HIGH NORTH COUNTY,92078
2784,64733,HIGH TECH LA,91406
7905,68338,HIGH TECH MIDDLE,92106
8350,76471,HIGH TECH MIDDLE CHULA VISTA,91915
7918,68338,HIGH TECH MIDDLE MEDIA ARTS,92106
8349,76471,HIGH TECH MIDDLE NORTH COUNTY,92078
6860,76505,HIGHER LEARNING ACADEMY,95815
8884,68908,HILLSBOROUGH CITY ELEMENTARY,     
4758,65698,HILMAR UNIFIED,     
6915,67470,HOLLISTER,     
6918,67470,HOLLISTER PREP,95023
8125,68338,HOLLY DRIVE LEADERSHIP ACADEMY,92102
1590,63149,HOLTVILLE UNIFIED,     
526,61531,HOMETECH CHARTER,95969
9124,69211,HOPE ELEMENTARY,     
10134,70763,HORICON ELEMENTARY,     
5936,66951,HORIZON CHARTER,95648
9917,70359,HORNBROOK ELEMENTARY,     
10739,71951,HOT SPRINGS ELEMENTARY,     
7610,68023,HOWARD GARDNER COMMUNITY CHARTER,91910
5070,66258,HOWELL MOUNTAIN ELEMENTARY,     
10990,72462,HUENEME ELEMENTARY,     
2575,64626,HUGHES-ELIZABETH LAKES UNION ELEMENTARY,     
10490,75549,HUGHSON UNIFIED,     
1418,10124,HUMBOLDT COUNTY OFFICE OF EDUCATION,     
1013,10108,HUME LAKE CHARTER,93628
8627,68627,"HUMPHREYS COLLEGE ACADEMY OF BUSINESS, L",95207
5436,66530,HUNTINGTON BEACH CITY ELEMENTARY,     
5448,66548,HUNTINGTON BEACH UNION HIGH,     
1463,62885,HYDESVILLE ELEMENTARY,     
2581,64634,ICEF INGLEWOOD ELEMENTARY CHARTER ACADEM,90301
2582,64634,ICEF INGLEWOOD MIDDLE CHARTER ACADEMY,90301
2913,64733,ICEF INNOVATION LOS ANGELES CHARTER,90037
2912,64733,ICEF LOU DANTZLER PREPARATORY ACADEMY,90044
2911,64733,ICEF VISTA ELEMENTARY ACADEMY,90066
2887,64733,ICEF VISTA MIDDLE ACADEMY,90066
7923,68338,IFTIN CHARTER,92115
9823,70029,"IGO, ONO, PLATINA UNION ELEMENTARY",     
4372,75309,ILEAD HYBRID,93510
2624,64667,ILEAD LANCASTER CHARTER,93535
1575,63123,IMAGINE SCHOOLS AT IMPERIAL VALLEY,92243
5986,10330,"IMAGINE SCHOOLS, RIVERSIDE COUNTY",92236
130,61192,IMPACT ACADEMY OF ARTS & TECHNOLOGY,94545
1538,10132,IMPERIAL COUNTY OFFICE OF EDUCATION,     
1597,63164,IMPERIAL UNIFIED,     
959,61895,INDIAN DIGGINGS ELEMENTARY,     
9826,70037,INDIAN SPRINGS ELEMENTARY,     
2939,64733,INGENIUM CHARTER,91304
3072,64733,INGENIUM CHARTER MIDDLE,91306
7962,68338,INGENUITY CHARTER,92114
2577,64634,INGLEWOOD UNIFIED,     
7436,67959,INLAND LEADERS CHARTER,92399
7940,68338,INNOVATIONS ACADEMY,92131
1846,63628,INSIGHT SCHOOL OF CALIFORNIA,93065
8190,68403,INSIGHT AT SAN DIEGO,93065
8636,68627,INSIGHT AT SAN JOAQUIN,93065
4366,75309,INSPIRE CHARTER SCHOOL,93510
1848,63628,INSPIRE CHARTER SCHOOL - KERN,93252
10578,71456,INSPIRE CHARTER SCHOOL - NORTH,95957
7664,68049,INSPIRE CHARTER SCHOOL - SOUTH,92019
1302,62547,INSPIRE CHARTER SCHOOLS - CENTRAL,93720
7835,68221,INTEGRITY CHARTER,91950
2702,64725,INTELLECTUAL VIRTUES ACADEMY OF LONG BEA,90807
4981,66092,INTERNATIONAL SCHOOL OF MONTEREY,93955
1621,10140,INYO COUNTY OFFICE OF EDUCATION,     
486,61440,IPAKANNI EARLY COLLEGE CHARTER,95966
4314,73452,IQ ACADEMY CALIFORNIA-LOS ANGELES,93065
5762,73650,IRVINE UNIFIED,     
2001,63933,ISLAND UNION ELEMENTARY,     
2807,64733,IVY ACADEMIA,91304
3082,64733,"IVY BOUND ACADEMY MATH, SCIENCE, AND TEC",91324
2883,64733,"IVY BOUND ACADEMY OF MATH, SCIENCE, AND",91403
11184,73940,IVYTECH CHARTER,93021
1465,62893,JACOBY CREEK ELEMENTARY,     
2847,64733,JAMES JORDAN MIDDLE,91306
10938,72363,JAMESTOWN ELEMENTARY,     
7759,68155,JAMUL-DULZURA UNION ELEMENTARY,     
2091,64105,JANESVILLE UNION ELEMENTARY,     
6928,67488,JEFFERSON ELEMENTARY,     
8907,68924,JEFFERSON UNION HIGH,     
5860,66845,JOHN ADAMS ACADEMY,95678
798,61796,JOHN HENRY HIGH,94804
5121,10298,JOHN MUIR CHARTER SCHOOLS,95949
667,61697,JOHN SWETT UNIFIED,     
2093,64113,JOHNSTONVILLE ELEMENTARY,     
5304,66464,JOURNEY,92656
7563,67983,JUAN BAUTISTA DE ANZA,92274
7767,68163,JULIAN CHARTER,92036
7764,68163,JULIAN UNION ELEMENTARY,     
7770,68171,JULIAN UNION HIGH,     
10673,71738,JUNCTION CITY ELEMENTARY,     
9828,70045,JUNCTION ELEMENTARY,     
6164,67090,JURUPA UNIFIED,     
10033,70573,KAIROS PUBLIC SCHOOL VACAVILLE ACADEMY,95688
10197,70888,KASHIA ELEMENTARY,     
7953,68338,KAVOD ELEMENTARY CHARTER,92123
8041,68338,KEILLER LEADERSHIP ACADEMY,92114
2040,64014,KELSEYVILLE UNIFIED,     
4546,65334,KENTFIELD ELEMENTARY,     
10136,70789,KENWOOD,     
1108,62166,KEPLER NEIGHBORHOOD,93721
2605,64642,KEPPEL UNION ELEMENTARY,     
1334,73999,KERMAN UNIFIED,     
1650,10157,KERN COUNTY OFFICE OF EDUCATION,     
1794,63529,KERN HIGH,     
1819,63545,KERNVILLE UNION ELEMENTARY,     
10379,71134,KEYES UNION,     
10228,70912,KID STREET LEARNING CENTER CHARTER,95401
5437,66530,KINETIC ACADEMY,92648
4942,66050,KING CITY UNION,     
8129,68338,KING-CHAVEZ ACADEMY OF EXCELLENCE,92113
7925,68338,KING-CHAVEZ ARTS ACADEMY,92102
7926,68338,KING-CHAVEZ ATHLETICS ACADEMY,92102
7942,68338,KING-CHAVEZ COMMUNITY HIGH,92101
7930,68338,KING-CHAVEZ PREPARATORY ACADEMY,92102
1212,62265,KINGS CANYON JOINT UNIFIED,     
1960,10165,KINGS COUNTY OFFICE OF EDUCATION,     
10741,71969,KINGS RIVER UNION ELEMENTARY,     
2003,63941,KINGS RIVER-HARDWICK UNION ELEMENTARY,     
2006,63958,KINGS VALLEY ACADEMY,93230
1202,62240,KINGSBURG ELEMENTARY CHARTER,     
1208,62257,KINGSBURG JOINT UNION HIGH,     
3083,64733,KIPP ACADEMY OF INNOVATION,90022
2792,64733,KIPP ACADEMY OF OPPORTUNITY,90047
7906,68338,KIPP ADELANTE PREPARATORY ACADEMY,92101
8372,68478,KIPP BAYVIEW ACADEMY,94124
244,61259,KIPP BRIDGE ACADEMY,94607
2943,64733,KIPP COMIENZA COMMUNITY PREP,90255
2942,64733,KIPP EMPOWER ACADEMY,90003
8962,69005,KIPP EXCELENCIA COMMUNITY PREPARATORY,94063
9231,69369,KIPP HEARTWOOD ACADEMY,95122
9383,69450,KIPP HERITAGE ACADEMY,95121
3060,64733,KIPP ILUMINAR ACADEMY,90022
366,61309,KIPP KING COLLEGIATE HIGH,94580
2789,64733,KIPP LOS ANGELES COLLEGE PREPARATORY,90023
3021,64733,KIPP PHILOSOPHERS ACADEMY,90022
9238,69369,KIPP PRIZE PREPARATORY ACADEMY,95122
2909,64733,KIPP RAICES ACADEMY,90022
8373,68478,KIPP SAN FRANCISCO BAY ACADEMY,94115
8386,68478,KIPP SAN FRANCISCO COLLEGE PREPARATORY,94124
9333,69427,KIPP SAN JOSE COLLEGIATE,95133
3022,64733,KIPP SCHOLAR ACADEMY,90062
3023,64733,KIPP SOL ACADEMY,90022
364,61309,KIPP SUMMIT ACADEMY,94580
3087,64733,KIPP VIDA PREPARATORY ACADEMY,90062
10640,71555,KIRKWOOD ELEMENTARY,     
2005,63958,KIT CARSON UNION ELEMENTARY,     
9921,70375,KLAMATH RIVER UNION ELEMENTARY,     
1467,62901,KLAMATH-TRINITY JOINT UNIFIED,     
1475,62919,KNEELAND ELEMENTARY,     
10383,71142,KNIGHTS FERRY ELEMENTARY,     
673,61705,KNIGHTSEN ELEMENTARY,     
132,61192,KNOWLEDGE ENLIGHTENS YOU (KEY) ACADEMY,94541
2048,64022,KONOCTI UNIFIED,     
2613,64659,LA CANADA UNIFIED,     
5464,66563,LA HABRA CITY ELEMENTARY,     
8924,68940,LA HONDA-PESCADERO UNIFIED,     
7784,68197,LA MESA-SPRING VALLEY,     
4711,65623,LA VIDA CHARTER,95490
2142,10199,LA'S PROMISE CHARTER MIDDLE #1,90062
676,61713,LAFAYETTE ELEMENTARY,     
5458,66555,LAGUNA BEACH UNIFIED,     
4550,65342,LAGUNA JOINT ELEMENTARY,     
4953,66076,LAGUNITA ELEMENTARY,     
4552,65359,LAGUNITAS ELEMENTARY,     
2070,64055,LAKE COUNTY INTERNATIONAL CHARTER,95461
2037,10173,LAKE COUNTY OFFICE OF EDUCATION,     
1390,62596,LAKE ELEMENTARY,     
6403,75176,LAKE ELSINORE UNIFIED,     
961,61903,LAKE TAHOE UNIFIED,     
2060,64030,LAKEPORT UNIFIED,     
9426,69492,LAKESIDE JOINT,     
1823,63552,LAKESIDE UNION,     
2009,63966,LAKESIDE UNION ELEMENTARY,     
8738,76760,LAMMERSVILLE JOINT UNIFIED,     
1826,63560,LAMONT ELEMENTARY,     
2619,64667,LANCASTER ELEMENTARY,     
2827,64733,LARCHMONT CHARTER,90046
4556,65367,LARKSPUR-CORTE MADERA,     
8928,68957,LAS LOMITAS ELEMENTARY,     
2643,64683,LAS VIRGENES UNIFIED,     
3074,64733,LASHON ACADEMY,91405
2085,10181,LASSEN COUNTY OFFICE OF EDUCATION,     
2095,64139,LASSEN UNION HIGH,     
10642,71563,LASSEN VIEW UNION ELEMENTARY,     
9344,69427,LATINO COLLEGE PREPARATORY ACADEMY,95127
1235,62281,LATON JOINT UNIFIED,     
970,61911,LATROBE,     
7958,68338,LAUREL PREPARATORY ACADEMY,92121
1434,62687,LAUREL TREE CHARTER,95521
7485,75044,LAVERNE ELEMENTARY PREPARATORY ACADEMY,92345
2660,64691,LAWNDALE ELEMENTARY,     
4725,73916,LAYTONVILLE UNIFIED,     
11,10017,LAZEAR CHARTER ACADEMY,94601
4765,65722,LE GRAND UNION ELEMENTARY,     
4767,65730,LE GRAND UNION HIGH,     
8396,68478,LEADERSHIP HIGH,94112
128,61192,LEADERSHIP PUBLIC SCHOOLS - HAYWARD,94545
792,61796,LEADERSHIP PUBLIC SCHOOLS: RICHMOND,94801
7908,68338,LEARNING CHOICE ACADEMY,91941
4963,66092,LEARNING FOR LIFE CHARTER,93933
249,61259,LEARNING WITHOUT LIMITS,94601
3959,64881,LEARNING WORKS,91107
4729,75218,LEGGETT VALLEY UNIFIED,     
7809,68205,LEMON GROVE,     
2020,63982,LEMOORE MIDDLE COLLEGE HIGH,93245
2011,63974,LEMOORE UNION ELEMENTARY,     
2019,63982,LEMOORE UNION HIGH,     
2671,64709,LENNOX,     
2672,64709,"LENNOX MATHEMATICS, SCIENCE AND TECHNOLO",90304
7609,68023,LEONARDO DA VINCI HEALTH SCIENCES CHARTE,91911
10675,71746,LEWISTON ELEMENTARY,     
3105,64733,LIBERTAS COLLEGE PREPARATORY CHARTER,90008
10138,70797,LIBERTY ELEMENTARY,     
683,61721,LIBERTY UNION HIGH,     
2622,64667,LIFE SOURCE INTERNATIONAL CHARTER,93534
271,61259,LIGHTHOUSE COMMUNITY CHARTER,94621
226,61259,LIGHTHOUSE COMMUNITY CHARTER HIGH,94621
4561,65375,LINCOLN ELEMENTARY,     
8515,68569,LINCOLN UNIFIED,     
8529,68577,LINDEN UNIFIED,     
10745,71993,LINDSAY UNIFIED,     
1836,63586,LINNS VALLEY-POSO FLAT UNION,     
7555,10371,LITERACY FIRST CHARTER,92020
2684,64717,LITTLE LAKE CITY ELEMENTARY,     
9923,70383,LITTLE SHASTA ELEMENTARY,     
10175,70854,LIVE OAK CHARTER,94952
9677,69765,LIVE OAK ELEMENTARY,     
10554,71399,LIVE OAK UNIFIED,     
166,61200,LIVERMORE VALLEY CHARTER,94551
167,61200,LIVERMORE VALLEY CHARTER PREPARATORY HIG,94551
165,61200,LIVERMORE VALLEY JOINT UNIFIED,     
4770,65748,LIVINGSTON UNION,     
278,61259,LODESTAR: A LIGHTHOUSE COMMUNITY CHARTER,94601
8536,68585,LODI UNIFIED,     
1477,62927,LOLETA UNION ELEMENTARY,     
9428,69500,LOMA PRIETA JOINT UNION ELEMENTARY,     
9128,69229,LOMPOC UNIFIED,     
1631,63289,LONE PINE UNIFIED,     
2695,64725,LONG BEACH UNIFIED,     
2100,64162,LONG VALLEY CHARTER,96109
5858,66845,LOOMIS UNION ELEMENTARY,     
5801,73924,LOS ALAMITOS UNIFIED,     
9431,69518,LOS ALTOS ELEMENTARY,     
2849,64733,LOS ANGELES ACADEMY OF ARTS & ENTERPRISE,90026
2119,10199,LOS ANGELES COUNTY OFFICE OF EDUCATION,     
2121,10199,LOS ANGELES INTERNATIONAL CHARTER HIGH,90042
3222,64733,LOS ANGELES LEADERSHIP ACADEMY,90031
3014,64733,LOS ANGELES LEADERSHIP PRIMARY ACADEMY,90031
2781,64733,LOS ANGELES UNIFIED,     
4775,65755,LOS BANOS UNIFIED,     
2873,64733,LOS FELIZ CHARTER SCHOOL FOR THE ARTS,90065
9442,69526,LOS GATOS UNION ELEMENTARY,     
9449,69534,LOS GATOS-SARATOGA JOINT UNION HIGH,     
10644,71571,LOS MOLINOS UNIFIED,     
3752,64758,LOS NIETOS,     
9147,69245,LOS OLIVOS ELEMENTARY,     
1838,63594,LOST HILLS UNION ELEMENTARY,     
3758,64766,LOWELL JOINT,     
262,61259,LPS OAKLAND R & D CAMPUS,94605
2067,64048,LUCERNE ELEMENTARY,     
7508,75051,LUCERNE VALLEY UNIFIED,     
8768,68759,LUCIA MAR UNIFIED,     
9337,69427,LUIS VALDEZ LEADERSHIP ACADEMY,95122
9453,69542,LUTHER BURBANK,     
3766,64774,LYNWOOD UNIFIED,     
8204,68411,MAAC COMMUNITY CHARTER,91911
4447,10207,MADERA COUNTY OFFICE OF EDUCATION,     
4469,65243,MADERA UNIFIED,     
5471,66589,MAGNOLIA ELEMENTARY,     
3746,64733,MAGNOLIA SCIENCE ACADEMY,91335
2885,64733,MAGNOLIA SCIENCE ACADEMY 2,91406
2882,64733,MAGNOLIA SCIENCE ACADEMY 3,90746
2900,64733,MAGNOLIA SCIENCE ACADEMY 4,90064
2901,64733,MAGNOLIA SCIENCE ACADEMY 5,91335
2902,64733,MAGNOLIA SCIENCE ACADEMY 6,90034
2903,64733,MAGNOLIA SCIENCE ACADEMY 7,91325
2980,64733,MAGNOLIA SCIENCE ACADEMY BELL,90201
7927,68338,MAGNOLIA SCIENCE ACADEMY SAN DIEGO,92119
1603,63172,MAGNOLIA UNION ELEMENTARY,     
603,10074,MAKING WAVES ACADEMY,94806
4895,73692,MAMMOTH UNIFIED,     
4677,65573,MANCHESTER UNION ELEMENTARY,     
4381,75333,MANHATTAN BEACH UNIFIED,     
8591,68593,MANTECA UNIFIED,     
491,61499,MANZANITA ELEMENTARY,     
851,61796,MANZANITA MIDDLE,94804
9130,69229,MANZANITA PUBLIC CHARTER,93437
1480,62935,MAPLE CREEK ELEMENTARY,     
1841,63610,MAPLE ELEMENTARY,     
10561,71407,MARCUM-ILLINOIS UNION ELEMENTARY,     
10079,70581,MARE ISLAND TECHNOLOGY ACADEMY,94589
5948,75085,MARIA MONTESSORI CHARTER ACADEMY,95765
1843,63628,MARICOPA UNIFIED,     
4532,10215,MARIN COUNTY OFFICE OF EDUCATION,     
4641,10223,MARIPOSA COUNTY OFFICE OF EDUCATION,     
4643,65532,MARIPOSA COUNTY UNIFIED,     
568,61572,MARK TWAIN UNION ELEMENTARY,     
10142,70805,MARK WEST UNION ELEMENTARY,     
690,61739,MARTINEZ UNIFIED,     
11289,72736,MARYSVILLE JOINT UNIFIED,     
3028,64733,MATH AND SCIENCE COLLEGE PREPARATORY,90018
1516,75382,MATTOLE UNIFIED,     
584,61606,MAXWELL UNIFIED,     
1605,63180,MCCABE UNION ELEMENTARY,     
9925,70409,MCCLOUD UNION ELEMENTARY,     
1945,73908,MCFARLAND UNIFIED,     
8118,68338,MCGILL SCHOOL OF SUCCESS,92102
1482,62950,MCKINLEYVILLE UNION ELEMENTARY,     
1851,63651,MCKITTRICK ELEMENTARY,     
4791,65763,MCSWAIN UNION ELEMENTARY,     
10976,10561,MEADOWS ARTS AND TECHNOLOGY ELEMENTARY,91362
1607,63198,MEADOWS UNION ELEMENTARY,     
4657,10231,MENDOCINO COUNTY OFFICE OF EDUCATION,     
4679,65581,MENDOCINO UNIFIED,     
1342,75127,MENDOTA UNIFIED,     
6191,67116,MENIFEE UNION ELEMENTARY,     
8932,68965,MENLO PARK CITY ELEMENTARY,     
4794,65771,MERCED CITY ELEMENTARY,     
4735,10249,MERCED COUNTY OFFICE OF EDUCATION,     
4847,73726,MERCED RIVER UNION ELEMENTARY,     
4815,65789,MERCED UNION HIGH,     
10564,71415,MERIDIAN ELEMENTARY,     
11003,72470,MESA UNION ELEMENTARY,     
4371,75309,METHOD SCHOOLS HIGH,91006
4370,75309,METHOD SCHOOLS K-8,91006
7662,68049,METHODSCHOOLS,92019
3071,64733,METRO CHARTER,90015
2069,64055,MIDDLETOWN UNIFIED,     
1853,63669,MIDWAY ELEMENTARY,     
4563,65391,MILL VALLEY ELEMENTARY,     
8938,68973,MILLBRAE ELEMENTARY,     
8716,75499,MILLENNIUM CHARTER,95376
9830,70052,MILLVILLE ELEMENTARY,     
9653,73387,MILPITAS UNIFIED,     
7482,75044,MIRUS SECONDARY,92345
8385,68478,MISSION PREPARATORY,94112
4955,66084,MISSION UNION ELEMENTARY,     
4213,65136,MISSION VIEW PUBLIC,91355
10057,70581,MIT ACADEMY,94589
10385,71167,MODESTO CITY ELEMENTARY,     
10413,71175,MODESTO CITY HIGH,     
4866,10256,MODOC COUNTY OFFICE OF EDUCATION,     
4872,73585,MODOC JOINT UNIFIED,     
7241,67827,MOJAVE RIVER ACADEMY,92395
1855,63677,MOJAVE UNIFIED,     
9851,70110,MONARCH LEARNING CENTER,96001
4884,10264,MONO COUNTY OFFICE OF EDUCATION,     
1239,62323,MONROE ELEMENTARY,     
3788,64790,MONROVIA UNIFIED,     
2880,64733,MONSENOR OSCAR ROMERO CHARTER MIDDLE,90006
10756,72009,MONSON-SULTANA JOINT UNION ELEMENTARY,     
3460,64733,MONTAGUE CHARTER ACADEMY,91331
9927,70417,MONTAGUE ELEMENTARY,     
10148,70813,MONTE RIO UNION ELEMENTARY,     
3800,64808,MONTEBELLO UNIFIED,     
9149,69252,MONTECITO UNION ELEMENTARY,     
4902,10272,MONTEREY BAY CHARTER,93950
4901,10272,MONTEREY COUNTY OFFICE OF EDUCATION,     
4957,66092,MONTEREY PENINSULA UNIFIED,     
10150,70821,MONTGOMERY ELEMENTARY,     
11183,73940,MOORPARK UNIFIED,     
700,61747,MORAGA ELEMENTARY,     
9455,69575,MORELAND,     
6207,67124,MORENO VALLEY UNIFIED,     
9464,69583,MORGAN HILL UNIFIED,     
7174,67777,MORONGO UNIFIED,     
10195,70870,MORRICE SCHAEFER CHARTER,95403
974,61929,MOTHER LODE UNION ELEMENTARY,     
9499,69617,MOUNT PLEASANT ELEMENTARY,     
10666,10538,MOUNTAIN ACADEMY CHARTER,96093
9686,69773,MOUNTAIN ELEMENTARY,     
7817,68213,MOUNTAIN EMPIRE UNIFIED,     
4530,76414,MOUNTAIN HOME CHARTER (ALTERNATIVE),93644
186,61218,MOUNTAIN HOUSE ELEMENTARY,     
9871,73700,MOUNTAIN UNION ELEMENTARY,     
10683,75028,MOUNTAIN VALLEY UNIFIED,     
3831,64816,MOUNTAIN VIEW ELEMENTARY,     
9480,69591,MOUNTAIN VIEW WHISMAN,     
9494,69609,MOUNTAIN VIEW-LOS ALTOS UNION HIGH,     
7197,67793,MT. BALDY JOINT ELEMENTARY,     
706,61754,MT. DIABLO UNIFIED,     
9929,70425,MT. SHASTA UNION ELEMENTARY,     
7629,68023,MUELLER CHARTER (ROBERT L.),91910
1609,63206,MULBERRY ELEMENTARY,     
3743,64733,MULTICULTURAL LEARNING CENTER,91303
11006,72504,MUPU ELEMENTARY,     
1861,63685,MUROC JOINT UNIFIED,     
6461,75200,MURRIETA VALLEY UNIFIED,     
8124,68338,MUSEUM,92103
2801,64733,N.E.W. ACADEMY CANOGA PARK,91303
2782,64733,N.E.W. ACADEMY OF SCIENCE AND ARTS,90017
5062,10280,NAPA COUNTY OFFICE OF EDUCATION,     
5072,66266,NAPA VALLEY UNIFIED,     
7834,68221,NATIONAL ELEMENTARY,     
7773,68189,NATIONAL UNIVERSITY ACADEMY,92083
6831,75283,NATOMAS UNIFIED,     
19,61119,NEA COMMUNITY LEARNING CENTER,94501
7199,67801,NEEDLES UNIFIED,     
5133,66340,NEVADA CITY ELEMENTARY,     
5116,10298,NEVADA CITY SCHOOL OF THE ARTS,95959
5113,10298,NEVADA COUNTY OFFICE OF EDUCATION,     
5138,66357,NEVADA JOINT UNION HIGH,     
2099,64162,NEW DAY ACADEMY,96123
9869,70169,NEW DAY ACADEMY - SHASTA,96096
2803,64733,NEW DESIGNS CHARTER,90007
2929,64733,NEW DESIGNS CHARTER SCHOOL-WATTS,90061
202,61242,NEW HAVEN UNIFIED,     
2851,64733,NEW HEIGHTS CHARTER,90008
8623,68619,NEW HOPE ELEMENTARY,     
3081,64733,NEW HORIZONS CHARTER ACADEMY,91601
8625,68627,NEW JERUSALEM ELEMENTARY,     
2899,64733,NEW LOS ANGELES CHARTER,90016
2910,64733,NEW MILLENNIUM SECONDARY,90248
2335,64352,NEW OPPORTUNITIES CHARTER,90301
2852,64733,NEW VILLAGE GIRLS ACADEMY,90026
7321,67876,NEW VISION MIDDLE,92404
188,61234,NEWARK UNIFIED,     
5868,66852,NEWCASTLE ELEMENTARY,     
3845,64832,NEWHALL,     
10479,73601,NEWMAN-CROWS LANDING UNIFIED,     
5482,66597,NEWPORT-MESA UNIFIED,     
4571,65409,NICASIO,     
452,61424,NORD COUNTRY,95973
1866,63693,NORRIS ELEMENTARY,     
6930,67504,NORTH COUNTY JOINT UNION ELEMENTARY,     
8235,68452,NORTH COUNTY TRADE TECH HIGH,92083
9832,70078,NORTH COW CREEK ELEMENTARY,     
5035,73825,NORTH MONTEREY COUNTY UNIFIED,     
336,61259,NORTH OAKLAND COMMUNITY CHARTER,94608
2787,64733,NORTH VALLEY MILITARY INSTITUTE COLLEGE,91352
1424,10124,NORTHCOAST PREPARATORY AND PERFORMING AR,95521
1432,62687,NORTHERN HUMBOLDT UNION HIGH,     
9868,70169,NORTHERN SUMMIT ACADEMY,96007
10192,70870,NORTHWEST PREP CHARTER,95401
6951,10363,NORTON SCIENCE AND LANGUAGE ACADEMY,92408
3856,64840,NORWALK-LA MIRADA UNIFIED,     
5610,66670,NOVA ACADEMY,92701
6386,73676,NOVA ACADEMY - COACHELLA,92236
4590,65417,NOVATO CHARTER,94949
4573,65417,NOVATO UNIFIED,     
10569,71423,NUESTRO ELEMENTARY,     
6247,67157,NUVIEW UNION,     
9505,69625,OAK GROVE ELEMENTARY,     
10153,70839,OAK GROVE UNION ELEMENTARY,     
6679,67439,OAK PARK PREPARATORY ACADEMY,95817
11174,73874,OAK PARK UNIFIED,     
9834,70086,OAK RUN ELEMENTARY,     
10758,72017,OAK VALLEY UNION ELEMENTARY,     
8638,68635,OAK VIEW UNION ELEMENTARY,     
10505,75564,OAKDALE JOINT UNIFIED,     
332,61259,OAKLAND CHARTER ACADEMY,94601
243,61259,OAKLAND CHARTER HIGH,94607
270,61259,"OAKLAND MILITARY INSTITUTE, COLLEGE PREP",94608
283,61259,OAKLAND SCHOOL FOR THE ARTS,94612
217,61259,OAKLAND UNIFIED,     
218,61259,OAKLAND UNITY HIGH,94605
9,10017,OAKLAND UNITY MIDDLE,94605
759,61762,OAKLEY UNION ELEMENTARY,     
4921,65961,OASIS CHARTER PUBLIC,93907
2797,64733,OCEAN CHARTER,90066
9725,69807,OCEAN GROVE CHARTER,95006
5514,66613,OCEAN VIEW,     
8283,73569,OCEANSIDE UNIFIED,     
5620,66670,OCSA,92701
2149,10199,ODYSSEY CHARTER,91001
11015,72520,OJAI UNIFIED,     
10157,70847,OLD ADOBE UNION,     
7948,68338,OLD TOWN ACADEMY K-8 CHARTER,92110
10194,70870,OLIVET ELEMENTARY CHARTER,95401
8490,10397,ONE.CHARTER,95206
7206,67819,ONTARIO-MONTCLAIR,     
2231,64287,OPPORTUNITIES FOR LEARNING - BALDWIN PAR,91107
5309,66464,OPPORTUNITIES FOR LEARNING - CAPISTRANO,92629
2420,64469,OPPORTUNITIES FOR LEARNING - DUARTE,91010
1301,62547,OPPORTUNITIES FOR LEARNING - FRESNO,93706
4223,65136,OPPORTUNITIES FOR LEARNING - SANTA CLARI,91107
2140,10199,OPTIMIST CHARTER,90042
4355,75291,OPTIONS FOR YOUTH SAN GABRIEL,91776
2311,64337,OPTIONS FOR YOUTH-BURBANK CHARTER,91506
7322,67876,OPTIONS FOR YOUTH-SAN BERNARDINO,92408
6760,67447,OPTIONS FOR YOUTH-SAN JUAN,95608
7425,67934,OPTIONS FOR YOUTH-VICTORVILLE CHARTER,92392
1241,62331,ORANGE CENTER,     
5168,10306,ORANGE COUNTY ACADEMY OF SCIENCES AND AR,92677
5164,10306,ORANGE COUNTY DEPARTMENT OF EDUCATION,     
5613,66670,ORANGE COUNTY EDUCATIONAL ARTS ACADEMY,92701
5171,10306,ORANGE COUNTY WORKFORCE INNOVATION HIGH,92805
5531,66621,ORANGE UNIFIED,     
9527,69633,ORCHARD ELEMENTARY,     
9151,69260,ORCUTT UNION ELEMENTARY,     
1485,62968,ORICK ELEMENTARY,     
769,61770,ORINDA UNION ELEMENTARY,     
1407,75481,ORLAND JOINT UNIFIED,     
7240,67827,ORO GRANDE ELEMENTARY,     
493,61507,OROVILLE CITY ELEMENTARY,     
503,61515,OROVILLE UNION HIGH,     
2794,64733,OSCAR DE LA HOYA ANIMO CHARTER HIGH,90023
2848,64733,OUR COMMUNITY CHARTER,91311
10760,72025,OUTSIDE CREEK ELEMENTARY,     
1634,63297,OWENS VALLEY UNIFIED,     
7036,67678,OXFORD PREPARATORY ACADEMY - CHINO VALLE,91710
5167,10306,OXFORD PREPARATORY ACADEMY - SADDLEBACK,92630
5260,66464,OXFORD PREPARATORY ACADEMY - SOUTH ORANG,92692
11026,72538,OXNARD,     
11048,72546,OXNARD UNION HIGH,     
9836,70094,PACHECO UNION ELEMENTARY,     
4668,65557,PACIFIC COMMUNITY CHARTER,95468
9688,69781,PACIFIC ELEMENTARY,     
4982,66134,PACIFIC GROVE UNIFIED,     
1245,62356,PACIFIC UNION ELEMENTARY,     
1478,62927,PACIFIC VIEW CHARTER,95501
8915,68932,PACIFICA,     
3500,64733,PACOIMA CHARTER ELEMENTARY,91331
9690,69799,PAJARO VALLEY UNIFIED,     
509,61523,PALERMO UNION ELEMENTARY,     
3219,64733,PALISADES CHARTER HIGH,90272
6254,67173,PALM SPRINGS UNIFIED,     
3891,64857,PALMDALE AEROSPACE ACADEMY,93550
3885,64857,PALMDALE ELEMENTARY,     
9530,69641,PALO ALTO UNIFIED,     
6283,67181,PALO VERDE UNIFIED,     
10762,72033,PALO VERDE UNION ELEMENTARY,     
3916,64865,PALOS VERDES PENINSULA UNIFIED,     
1715,63362,PANAMA-BUENA VISTA UNION,     
6932,67520,PANOCHE ELEMENTARY,     
3747,64733,PARA LOS NINOS CHARTER,90021
2907,64733,PARA LOS NINOS MIDDLE,90021
527,61531,PARADISE CHARTER MIDDLE,95969
10424,71209,PARADISE ELEMENTARY,     
516,61531,PARADISE UNIFIED,     
11291,72736,PARAGON COLLEGIATE ACADEMY,95901
3934,64873,PARAMOUNT UNIFIED,     
1247,62364,PARLIER UNIFIED,     
5934,66951,PARTNERSHIPS FOR STUDENT-CENTERED LEARNI,95648
3957,64881,PASADENA ROSEBUD ACADEMY,91001
3961,64881,PASADENA ROSEBUD ACADEMY MIDDLE,91001
3954,64881,PASADENA UNIFIED,     
6656,67421,PASEO GRANDE CHARTER,95821
8823,75457,PASO ROBLES JOINT UNIFIED,     
8356,76851,PATHWAYS ACADEMY CHARTER,92003
10133,70730,PATHWAYS CHARTER,94928
3066,64733,PATHWAYS COMMUNITY,90003
7479,75044,PATHWAYS TO COLLEGE,92345
10428,71217,PATTERSON JOINT UNIFIED,     
9191,76786,PEABODY CHARTER,93105
1847,63628,PEAK TO PEAK MOUNTAIN CHARTER,93222
1490,62984,PENINSULA UNION,     
5158,76877,PENN VALLEY UNION ELEMENTARY,     
6289,67199,PERRIS ELEMENTARY,     
6298,67207,PERRIS UNION HIGH,     
10165,70854,PETALUMA CITY ELEMENTARY,     
10176,70862,PETALUMA JOINT UNION HIGH,     
341,61275,PIEDMONT CITY UNIFIED,     
588,61614,PIERCE JOINT UNIFIED,     
1255,62372,PINE RIDGE ELEMENTARY,     
10196,70870,PINER-OLIVET CHARTER,95403
10190,70870,PINER-OLIVET UNION ELEMENTARY,     
538,73379,PIONEER UNION ELEMENTARY,     
776,61788,PITTSBURG UNIFIED,     
7821,68213,PIVOT CHARTER SCHOOL - SAN DIEGO,92078
489,61457,PIVOT CHARTER SCHOOL NORTH VALLEY,95928
10154,70839,PIVOT ONLINE CHARTER - NORTH BAY,95401
10764,72041,PIXLEY UNION ELEMENTARY,     
5572,66647,PLACENTIA-YORBA LINDA UNIFIED,     
5815,10314,PLACER COUNTY OFFICE OF EDUCATION,     
5876,66886,PLACER HILLS UNION ELEMENTARY,     
5880,66894,PLACER UNION HIGH,     
982,61952,PLACERVILLE UNION ELEMENTARY,     
4825,65813,PLAINSBURG UNION ELEMENTARY,     
4827,65821,PLANADA ELEMENTARY,     
1392,62638,PLAZA ELEMENTARY,     
10572,71431,PLEASANT GROVE JOINT UNION,     
5147,66373,PLEASANT RIDGE UNION ELEMENTARY,     
11061,72553,PLEASANT VALLEY,     
8788,68791,PLEASANT VALLEY JOINT UNION ELEMENTARY,     
10767,72058,PLEASANT VIEW ELEMENTARY,     
395,75101,PLEASANTON UNIFIED,     
5973,66969,PLUMAS CHARTER,95971
5968,10322,PLUMAS COUNTY OFFICE OF EDUCATION,     
11314,72744,PLUMAS LAKE ELEMENTARY,     
5971,66969,PLUMAS UNIFIED,     
4686,65599,POINT ARENA JOINT UNION HIGH,     
987,61960,POLLOCK PINES ELEMENTARY,     
3989,64907,POMONA UNIFIED,     
1872,63719,POND UNION ELEMENTARY,     
5106,66282,POPE VALLEY UNION ELEMENTARY,     
2822,64733,PORT OF LOS ANGELES HIGH,90731
10878,75523,PORTERVILLE UNIFIED,     
8945,68981,PORTOLA VALLEY ELEMENTARY,     
4721,73866,POTTER VALLEY COMMUNITY UNIFIED,     
7848,68296,POWAY UNIFIED,     
3070,64733,PREPA TEC - LOS ANGELES,90255
7976,68338,PREUSS SCHOOL UCSD,92093
8715,75499,PRIMARY CHARTER,95376
1394,62646,PRINCETON JOINT UNIFIED,     
7338,67876,PROVISIONAL ACCELERATED LEARNING ACADEMY,92407
3103,64733,PUBLIC POLICY CHARTER,90062
7315,67876,PUBLIC SAFETY ACADEMY,92408
3110,64733,PUC CALS MIDDLE SCHOOL AND EARLY COLLEGE,90041
3091,64733,PUC COMMUNITY CHARTER ELEMENTARY,91342
3739,64733,PUC COMMUNITY CHARTER MIDDLE AND PUC COM,91342
3018,64733,PUC EARLY COLLEGE ACADEMY FOR LEADERS AN,90065
2872,64733,PUC EXCEL CHARTER ACADEMY,90031
3090,64733,PUC INSPIRE CHARTER ACADEMY,91340
2800,64733,PUC LAKEVIEW CHARTER ACADEMY,91342
2974,64733,PUC LAKEVIEW CHARTER HIGH,91342
2798,64733,PUC MILAGRO CHARTER,90031
3109,64733,PUC NUEVA ESPERANZA CHARTER ACADEMY,91340
2923,64733,PUC SANTA ROSA CHARTER ACADEMY,90065
3108,64733,PUC TRIUMPH CHARTER ACADEMY AND PUC TRIU,91342
1258,62380,RAISIN CITY ELEMENTARY,     
7888,68304,RAMONA CITY UNIFIED,     
7901,68312,RANCHO SANTA FE ELEMENTARY,     
2098,64162,RAVENDALE-TERMO ELEMENTARY,     
8949,68999,RAVENSWOOD CITY ELEMENTARY,     
4499,65276,RAYMOND-KNOWLES UNION ELEMENTARY,     
10245,70938,REACH,95472
6313,67215,REACH LEADERSHIP STEAM ACADEMY,92504
48,61143,REALM CHARTER HIGH,94710
47,61143,REALM CHARTER MIDDLE,94710
10657,71639,RED BLUFF JOINT UNION HIGH,     
10650,71621,RED BLUFF UNION ELEMENTARY,     
9839,70110,REDDING ELEMENTARY,     
9787,69948,REDDING SCHOOL OF THE ARTS,96003
9763,10454,REDDING STEM ACADEMY,96003
7244,67843,REDLANDS UNIFIED,     
4390,75341,REDONDO BEACH UNIFIED,     
4697,65615,REDWOOD ACADEMY OF UKIAH,95482
8960,69005,REDWOOD CITY ELEMENTARY,     
1428,62679,REDWOOD COAST MONTESSORI,95521
1532,76802,REDWOOD PREPARATORY CHARTER,95540
4591,65425,REED UNION ELEMENTARY,     
10660,71647,REEDS CREEK ELEMENTARY,     
2027,73932,REEF-SUNSET UNIFIED,     
2795,64733,RENAISSANCE ARTS ACADEMY,90041
3101,64733,RENAISSANCE ARTS ACADEMY K-12,90041
991,61978,RESCUE UNION ELEMENTARY,     
3104,64733,RESOLUTE ACADEMY CHARTER,90059
7272,67850,RIALTO UNIFIED,     
10662,71654,RICHFIELD ELEMENTARY,     
10770,72082,RICHGROVE ELEMENTARY,     
1831,63578,RICHLAND UNION ELEMENTARY,     
794,61796,RICHMOND CHARTER ACADEMY,94804
795,61796,RICHMOND CHARTER ELEMENTARY-BENITO JUARE,94805
793,61796,RICHMOND COLLEGE PREPARATORY,94804
2102,64170,RICHMOND ELEMENTARY,     
7303,67868,RIM OF THE WORLD UNIFIED,     
10199,70896,RINCON VALLEY UNION ELEMENTARY,     
1929,73544,RIO BRAVO-GREELEY UNION ELEMENTARY,     
1492,63008,RIO DELL ELEMENTARY,     
11075,72561,RIO ELEMENTARY,     
8548,68585,RIO VALLEY CHARTER,95240
8640,68650,RIPON UNIFIED,     
2994,64733,RISE KOHYANG MIDDLE,90010
933,61838,RISING SUN MONTESSORI,95762
11244,72694,RIVER CHARTER SCHOOLS LIGHTHOUSE CHARTER,95691
6641,67413,RIVER DELTA JOINT UNIFIED,     
8492,10397,RIVER ISLANDS TECHNOLOGY ACADEMY II,95330
10158,70847,RIVER MONTESSORI ELEMENTARY CHARTER,94954
4695,65615,RIVER OAK CHARTER,95482
10973,10561,RIVER OAKS ACADEMY,91361
5984,10330,RIVER SPRINGS CHARTER,92590
7774,68189,RIVER VALLEY CHARTER,92040
10497,75556,RIVERBANK UNIFIED,     
1363,75408,RIVERDALE JOINT UNIFIED,     
5983,10330,RIVERSIDE COUNTY OFFICE OF EDUCATION,     
6307,67215,RIVERSIDE UNIFIED,     
10439,71233,ROBERTS FERRY UNION ELEMENTARY,     
6655,67421,ROBLA ELEMENTARY,     
9217,10439,ROCKETSHIP ACADEMY BRILLIANT MINDS,95127
9218,10439,ROCKETSHIP ALMA ACADEMY,95110
9214,10439,ROCKETSHIP DISCOVERY PREP,95116
9222,10439,ROCKETSHIP FUERZA COMMUNITY PREP,95116
9212,10439,ROCKETSHIP LOS SUENOS ACADEMY,95116
9209,10439,ROCKETSHIP MATEO SHEEDY ELEMENTARY,95110
9380,69450,ROCKETSHIP MOSAIC ELEMENTARY,95122
8963,69005,ROCKETSHIP REDWOOD CITY,94063
9224,10439,ROCKETSHIP RISING STARS,95111
9211,10439,ROCKETSHIP SI SE PUEDE ACADEMY,95116
9382,69450,ROCKETSHIP SPARK ACADEMY,95111
10772,72090,ROCKFORD ELEMENTARY,     
5963,75085,ROCKLIN ACADEMY,95765
5947,75085,ROCKLIN ACADEMY AT MEYERS STREET,95677
5873,66852,ROCKLIN ACADEMY GATEWAY,95765
5944,75085,ROCKLIN UNIFIED,     
9875,75267,ROCKY POINT CHARTER,96003
6358,67231,ROMOLAND ELEMENTARY,     
1874,63750,ROSEDALE UNION ELEMENTARY,     
10209,70904,ROSELAND,     
10210,70904,ROSELAND CHARTER,95407
4032,64931,ROSEMEAD ELEMENTARY,     
274,61259,ROSES IN CONCRETE,94619
5887,66910,ROSEVILLE CITY ELEMENTARY,     
5907,66928,ROSEVILLE JOINT UNION HIGH,     
4595,65433,ROSS ELEMENTARY,     
4633,75002,ROSS VALLEY ELEMENTARY,     
1637,63305,ROUND VALLEY JOINT ELEMENTARY,     
4688,65607,ROUND VALLEY UNIFIED,     
4312,73452,ROWLAND UNIFIED,     
6670,67439,SACRAMENTO CHARTER HIGH,95820
6663,67439,SACRAMENTO CITY UNIFIED,     
6508,10348,SACRAMENTO COUNTY OFFICE OF EDUCATION,     
11243,72694,SACRAMENTO VALLEY CHARTER,95691
5694,73635,SADDLEBACK VALLEY UNIFIED,     
5108,66290,SAINT HELENA UNIFIED,     
10442,71266,SALIDA UNION ELEMENTARY,     
4988,66142,SALINAS CITY ELEMENTARY,     
5003,66159,SALINAS UNION HIGH,     
5165,10306,SAMUELI ACADEMY,92706
5015,66167,SAN ANTONIO UNION ELEMENTARY,     
5017,66175,SAN ARDO UNION ELEMENTARY,     
6907,10355,SAN BENITO COUNTY OFFICE OF EDUCATION,     
6935,67538,SAN BENITO HIGH,     
7311,67876,SAN BERNARDINO CITY UNIFIED,     
6949,10363,SAN BERNARDINO COUNTY OFFICE OF EDUCATIO,     
8981,69013,SAN BRUNO PARK ELEMENTARY,     
8999,69021,SAN CARLOS CHARTER LEARNING CENTER,94070
8990,69021,SAN CARLOS ELEMENTARY,     
8128,68338,SAN DIEGO COOPERATIVE CHARTER,92111
7956,68338,SAN DIEGO COOPERATIVE CHARTER SCHOOL 2,92113
7548,10371,SAN DIEGO COUNTY OFFICE OF EDUCATION,     
7818,68213,SAN DIEGO NEIGHBORHOOD HOMESCHOOLS,92056
7904,68338,SAN DIEGO UNIFIED,     
7820,68213,SAN DIEGO VIRTUAL,91962
7565,67983,SAN DIEGO WORKFORCE INNOVATION HIGH,92004
8131,68346,SAN DIEGUITO UNION HIGH,     
8365,10389,SAN FRANCISCO COUNTY OFFICE OF EDUCATION,     
8371,68478,SAN FRANCISCO UNIFIED,     
4352,75291,SAN GABRIEL UNIFIED,     
6364,67249,SAN JACINTO UNIFIED,     
6378,67249,SAN JACINTO VALLEY ACADEMY,92583
8491,10397,SAN JOAQUIN BUILDING FUTURES ACADEMY,95203
8489,10397,SAN JOAQUIN COUNTY OFFICE OF EDUCATION,     
4167,65094,SAN JOSE CHARTER ACADEMY,91790
9550,69666,SAN JOSE UNIFIED,     
6747,67447,SAN JUAN UNIFIED,     
349,61291,SAN LEANDRO UNIFIED,     
363,61309,SAN LORENZO UNIFIED,     
9724,69807,SAN LORENZO VALLEY UNIFIED,     
5019,66183,SAN LUCAS UNION ELEMENTARY,     
8790,68809,SAN LUIS COASTAL UNIFIED,     
8747,10405,SAN LUIS OBISPO COUNTY OFFICE OF EDUCATI,     
8310,73791,SAN MARCOS UNIFIED,     
4039,64964,SAN MARINO UNIFIED,     
8843,10413,SAN MATEO COUNTY OFFICE OF EDUCATION,     
9022,69047,SAN MATEO UNION HIGH,     
9000,69039,SAN MATEO-FOSTER CITY,     
8808,68825,SAN MIGUEL JOINT UNION,     
8143,68353,SAN PASQUAL UNION ELEMENTARY,     
1611,63214,SAN PASQUAL VALLEY UNIFIED,     
4598,65458,SAN RAFAEL CITY ELEMENTARY,     
4609,65466,SAN RAFAEL CITY HIGH,     
854,61804,SAN RAMON VALLEY UNIFIED,     
8158,68379,SAN YSIDRO ELEMENTARY,     
1261,62414,SANGER UNIFIED,     
5608,66670,SANTA ANA UNIFIED,     
9063,10421,SANTA BARBARA COUNTY OFFICE OF EDUCATION,     
9177,76786,SANTA BARBARA UNIFIED,     
9205,10439,SANTA CLARA COUNTY OFFICE OF EDUCATION,     
11085,72579,SANTA CLARA ELEMENTARY,     
9597,69674,SANTA CLARA UNIFIED,     
4214,65136,SANTA CLARITA VALLEY INTERNATIONAL,91384
9731,69815,SANTA CRUZ CITY ELEMENTARY,     
9737,69823,SANTA CRUZ CITY HIGH,     
9669,10447,SANTA CRUZ COUNTY OFFICE OF EDUCATION,     
9161,69310,SANTA MARIA JOINT UNION HIGH,     
9073,69120,SANTA MARIA-BONITA,     
3539,64733,SANTA MONICA BOULEVARD COMMUNITY CHARTER,90038
4045,64980,SANTA MONICA-MALIBU UNIFIED,     
11197,76828,SANTA PAULA UNIFIED,     
5021,66191,SANTA RITA UNION ELEMENTARY,     
6194,67116,SANTA ROSA ACADEMY,92584
10215,70912,SANTA ROSA ELEMENTARY,     
10229,70920,SANTA ROSA HIGH,     
9110,69179,SANTA YNEZ VALLEY CHARTER,93460
9166,69328,SANTA YNEZ VALLEY UNION HIGH,     
8145,68361,SANTEE,     
5565,66621,SANTIAGO MIDDLE,92869
9625,69682,SARATOGA UNION ELEMENTARY,     
10774,72108,SAUCELITO ELEMENTARY,     
4063,64998,SAUGUS UNION,     
4614,65474,SAUSALITO MARIN CITY,     
6861,76505,SAVA: SACRAMENTO ACADEMIC AND VOCATIONAL,95820
5670,66696,SAVANNA ELEMENTARY,     
4444,76968,SBE - ACADEMIA AVANCE CHARTER,     
4442,76885,SBE - ANAHUACALMECAC INTERNATIONAL UNIVE,     
8362,77032,SBE - AUDEO CHARTER II,     
4431,76547,SBE - BARACK OBAMA CHARTER,     
6505,76943,SBE - BAYPOINT PREPARATORY ACADEMY,     
4429,76497,SBE - LIFELINE EDUCATION CHARTER,     
5812,76893,SBE - MAGNOLIA SCIENCE ACADEMY SANTA ANA,     
4405,75663,SBE - NEW WEST CHARTER,     
9202,76950,SBE - OLIVE GROVE CHARTER,     
6904,76935,SBE - PARAMOUNT COLLEGIATE ACADEMY,     
1957,75630,SBE - RIDGECREST CHARTER,     
4407,75697,SBE - THE SCHOOL OF ARTS AND ENTERPRISE,     
8360,76901,SBE - THRIVE PUBLIC,     
4365,75309,SCALE LEADERSHIP ACADEMY,93510
5170,10306,SCHOLARSHIP PREP CHARTER,92706
7947,68338,SCHOOL FOR ENTREPRENEURSHIP AND TECHNOLO,92123
1115,62166,SCHOOL OF UNLIMITED LEARNING,93721
1495,63024,SCOTIA UNION ELEMENTARY,     
9955,76455,SCOTT VALLEY UNIFIED,     
9753,75432,SCOTTS VALLEY UNIFIED,     
7946,68338,SD GLOBAL VISION ACADEMY,92116
10249,70938,SEBASTOPOL INDEPENDENT CHARTER,95473
10244,70938,SEBASTOPOL UNION ELEMENTARY,     
1616,63222,SEELEY UNION ELEMENTARY,     
9932,70458,SEIAD ELEMENTARY,     
1282,62430,SELMA UNIFIED,     
1884,63768,SEMITROPIC ELEMENTARY,     
10776,72116,SEQUOIA UNION ELEMENTARY,     
9032,69062,SEQUOIA UNION HIGH,     
2104,64188,SHAFFER UNION ELEMENTARY,     
8812,68833,SHANDON JOINT UNIFIED,     
9862,70136,SHASTA CHARTER ACADEMY,96001
9760,10454,SHASTA COUNTY OFFICE OF EDUCATION,     
9852,70128,SHASTA UNION ELEMENTARY,     
9854,70136,SHASTA UNION HIGH,     
4470,65243,SHERMAN THOMAS CHARTER,93638
4478,65243,SHERMAN THOMAS CHARTER HIGH,93638
456,61424,SHERWOOD MONTESSORI,95928
10451,71274,SHILOH ELEMENTARY,     
4627,73361,SHORELINE UNIFIED,     
8233,68452,SIATECH,92056
4369,75309,SIATECH ACADEMY SOUTH,90014
5140,66357,SIERRA ACADEMY OF EXPEDITIONARY LEARNING,95945
1103,62166,SIERRA CHARTER,93727
5918,66944,SIERRA EXPEDITIONARY LEARNING,96161
4644,65532,SIERRA FOOTHILL CHARTER,95306
5117,10298,SIERRA MONTESSORI ACADEMY,95949
1932,73742,SIERRA SANDS UNIFIED,     
1356,75275,SIERRA UNIFIED,     
9886,70177,SIERRA-PLUMAS JOINT UNIFIED,     
1000,61986,SILVER FORK ELEMENTARY,     
133,61192,SILVER OAK HIGH PUBLIC MONTESSORI CHARTE,94542
7453,73890,SILVER VALLEY UNIFIED,     
11087,72603,SIMI VALLEY UNIFIED,     
9893,10470,SISKIYOU COUNTY OFFICE OF EDUCATION,     
9934,70466,SISKIYOU UNION HIGH,     
7509,75051,SKY MOUNTAIN CHARTER,95667
4830,65839,SNELLING-MERCED FALLS UNION ELEMENTARY,     
7462,73957,SNOWLINE JOINT UNIFIED,     
7320,67876,SOAR CHARTER ACADEMY,92408
6665,67439,SOL AUREUS COLLEGE PREPARATORY,95831
8167,68387,SOLANA BEACH ELEMENTARY,     
9963,10488,SOLANO COUNTY OFFICE OF EDUCATION,     
5047,75440,SOLEDAD UNIFIED,     
9169,69336,SOLVANG ELEMENTARY,     
11115,72611,SOMIS UNION,     
10261,70953,SONOMA CHARTER,95476
10081,10496,SONOMA COUNTY OFFICE OF EDUCATION,     
10250,70953,SONOMA VALLEY UNIFIED,     
10942,72371,SONORA ELEMENTARY,     
10944,72389,SONORA UNION HIGH,     
9748,69849,SOQUEL UNION ELEMENTARY,     
10949,72397,SOULSBYVILLE ELEMENTARY,     
8176,68395,SOUTH BAY UNION,     
1497,63032,SOUTH BAY UNION ELEMENTARY,     
1893,63784,SOUTH FORK UNION,     
4948,66068,SOUTH MONTEREY COUNTY JOINT UNION HIGH,     
4080,65029,SOUTH PASADENA UNIFIED,     
9042,69070,SOUTH SAN FRANCISCO UNIFIED,     
10562,71407,SOUTH SUTTER CHARTER,95659
4087,65037,SOUTH WHITTIER ELEMENTARY,     
1502,63040,SOUTHERN HUMBOLDT JOINT UNIFIED,     
1886,63776,SOUTHERN KERN UNIFIED,     
10679,73833,SOUTHERN TRINITY JOINT UNIFIED,     
6938,67553,SOUTHSIDE ELEMENTARY,     
9223,10439,SPARK CHARTER,94088
8189,68403,SPENCER VALLEY ELEMENTARY,     
5028,66225,SPRECKELS UNION ELEMENTARY,     
10779,72132,SPRINGVILLE UNION ELEMENTARY,     
5872,66852,SQUAW VALLEY PREPARATORY,96146
6664,67439,ST. HOPE PUBLIC SCHOOL 7,95820
1895,63792,STANDARD ELEMENTARY,     
10315,10504,STANISLAUS COUNTY OFFICE OF EDUCATION,     
10453,71282,STANISLAUS UNION ELEMENTARY,     
7747,68130,STEELE CANYON HIGH,91978
2783,64733,STELLA MIDDLE CHARTER ACADEMY,90016
8668,68676,STOCKTON COLLEGIATE INTERNATIONAL ELEMEN,95202
8669,68676,STOCKTON COLLEGIATE INTERNATIONAL SECOND,95202
8650,68676,STOCKTON UNIFIED,     
5075,66266,STONE BRIDGE,94558
10781,72140,STONE CORRAL ELEMENTARY,     
1397,62653,STONY CREEK JOINT UNIFIED,     
10096,70615,STONY POINT ACADEMY,95407
10784,72157,STRATHMORE UNION ELEMENTARY,     
495,61507,STREAM CHARTER,95965
4096,65045,SULPHUR SPRINGS UNION,     
10951,72405,SUMMERVILLE ELEMENTARY,     
10953,72413,SUMMERVILLE UNION HIGH,     
7477,75044,SUMMIT LEADERSHIP ACADEMY-HIGH DESERT,92345
3102,64733,SUMMIT PREPARATORY CHARTER,90037
9033,69062,SUMMIT PREPARATORY CHARTER HIGH,94063
606,10074,SUMMIT PUBLIC SCHOOL K2,94530
9220,10439,SUMMIT PUBLIC SCHOOL: DENALI,94085
9334,69427,SUMMIT PUBLIC SCHOOL: RAINIER,95127
8908,68924,SUMMIT PUBLIC SCHOOL: SHASTA,94015
9215,10439,SUMMIT PUBLIC SCHOOL: TAHOMA,95123
799,61796,SUMMIT PUBLIC SCHOOL: TAMALPAIS,94806
10787,72173,SUNDALE UNION ELEMENTARY,     
10789,72181,SUNNYSIDE UNION ELEMENTARY,     
9631,69690,SUNNYVALE,     
412,75119,SUNOL GLEN UNIFIED,     
9216,10439,SUNRISE MIDDLE,95116
4869,65896,SURPRISE VALLEY JOINT UNIFIED,     
2106,64196,SUSANVILLE ELEMENTARY,     
10543,10512,SUTTER COUNTY OFFICE OF EDUCATION,     
10570,71423,SUTTER PEAK CHARTER ACADEMY,95953
10574,71449,SUTTER UNION HIGH,     
8193,68411,SWEETWATER UNION HIGH,     
6408,75176,SYCAMORE ACADEMY OF SCIENCE AND CULTURAL,92595
10833,72256,SYCAMORE VALLEY ACADEMY,93277
10461,71290,SYLVAN UNION ELEMENTARY,     
2808,64733,SYNERGY CHARTER ACADEMY,90011
2908,64733,SYNERGY KINETIC ACADEMY,90011
3010,64733,SYNERGY QUANTUM ACADEMY,90011
1900,63800,TAFT CITY,     
7326,67876,TAFT T. NEWMAN LEADERSHIP ACADEMY,92404
1907,63818,TAFT UNION HIGH,     
5916,66944,TAHOE-TRUCKEE UNIFIED,     
4618,65482,TAMALPAIS UNION HIGH,     
6964,67587,TAYLION HIGH DESERT ACADEMY/ADELANTO,92301
8227,68437,TAYLION SAN DIEGO ACADEMY,92078
2959,64733,TEACH ACADEMY OF TECHNOLOGIES,90047
3092,64733,TEACH TECH CHARTER HIGH,90047
8674,68676,TEAM CHARTER,95202
1910,63826,TEHACHAPI UNIFIED,     
10602,10520,TEHAMA COUNTY DEPARTMENT OF EDUCATION,     
6443,75192,TEMECULA PREPARATORY,92596
6453,75192,TEMECULA VALLEY CHARTER,92596
6429,75192,TEMECULA VALLEY UNIFIED,     
4106,65052,TEMPLE CITY UNIFIED,     
8816,68841,TEMPLETON UNIFIED,     
10791,72199,TERRA BELLA UNION ELEMENTARY,     
20,61119,THE ACADEMY OF ALAMEDA,94501
3116,64733,THE CITY,90064
7660,68049,THE HEIGHTS CHARTER,91901
6672,67439,THE LANGUAGE ACADEMY OF SACRAMENTO,95817
8090,68338,THE O'FARRELL CHARTER,92114
530,61549,THERMALITO UNION ELEMENTARY,     
4670,65565,THREE RIVERS CHARTER,95437
10794,72207,THREE RIVERS UNION ELEMENTARY,     
10796,72215,TIPTON ELEMENTARY,     
2580,64634,TODAY'S FRESH START CHARTER SCHOOL INGLE,90303
4235,73437,TODAY'S FRESH START-COMPTON,90043
4116,65060,TORRANCE UNIFIED,     
8714,75499,TRACY JOINT UNIFIED,     
10798,72223,TRAVER JOINT ELEMENTARY,     
10019,70565,TRAVIS UNIFIED,     
4709,65615,TREE OF LIFE CHARTER,95482
6940,67561,TRES PINOS UNION ELEMENTARY,     
1511,63057,TRINIDAD UNION ELEMENTARY,     
10686,76513,TRINITY ALPS UNIFIED,     
10677,71761,TRINITY CENTER ELEMENTARY,     
9071,69112,TRIVIUM CHARTER,93454
7398,67892,TRONA JOINT UNIFIED,     
10800,72231,TULARE CITY,     
10691,10546,TULARE COUNTY OFFICE OF EDUCATION,     
10818,72249,TULARE JOINT UNION HIGH,     
4879,73593,TULELAKE BASIN JOINT UNIFIED,     
10926,10553,TUOLUMNE COUNTY SUPERINTENDENT OF SCHOOL,     
10524,75739,TURLOCK UNIFIED,     
5730,73643,TUSTIN UNIFIED,     
10961,72421,TWAIN HARTE,     
10263,70961,TWIN HILLS UNION ELEMENTARY,     
5155,66415,TWIN RIDGES ELEMENTARY,     
10583,71464,TWIN RIVERS CHARTER,95991
6852,76505,TWIN RIVERS UNIFIED,     
10269,70979,TWO ROCK UNION,     
4693,65615,UKIAH UNIFIED,     
905,10082,UNCHARTED SHORES ACADEMY,95531
9643,69708,UNION ELEMENTARY,     
5152,66407,UNION HILL ELEMENTARY,     
4625,65516,UNION JOINT ELEMENTARY,     
1427,62679,UNION STREET CHARTER,95521
1104,62166,UNIVERSITY HIGH,93740
11074,72553,UNIVERSITY PREPARATION CHARTER SCHOOL AT,93010
9208,10439,UNIVERSITY PREPARATORY ACADEMY CHARTER,95125
7515,75069,UPLAND UNIFIED,     
4924,65979,UPLIFT MONTEREY,92243
2078,76976,UPPER LAKE UNIFIED,     
7939,68338,URBAN DISCOVERY ACADEMY CHARTER,92101
6,10017,URBAN MONTESSORI CHARTER,94619
10031,70573,VACAVILLE UNIFIED,     
6482,75242,VAL VERDE UNIFIED,     
4367,75309,VALIANT ACADEMY OF LOS ANGELES,93510
7663,68049,VALIANT ACADEMY OF SOUTHERN CALIFORNIA,92019
2141,10199,VALIENTE COLLEGE PREPARATORY CHARTER,90280
4149,65078,VALLE LINDO ELEMENTARY,     
571,61580,VALLECITO UNION,     
8226,68437,VALLECITOS ELEMENTARY,     
10052,70581,VALLEJO CITY UNIFIED,     
8338,75614,VALLEY CENTER-PAUMA UNIFIED,     
2981,64733,VALLEY CHARTER ELEMENTARY,91343
10322,10504,VALLEY CHARTER HIGH,95350
2982,64733,VALLEY CHARTER MIDDLE,91405
10477,71324,VALLEY HOME JOINT ELEMENTARY,     
10693,10546,VALLEY LIFE CHARTER,93277
11016,72520,VALLEY OAK CHARTER,93023
8633,68627,VALLEY VIEW CHARTER PREP,95207
3068,64733,VALOR ACADEMY HIGH,91402
2926,64733,VALOR ACADEMY MIDDLE,91343
3603,64733,VAUGHN NEXT CENTURY LEARNING CENTER,91340
10971,10561,VENTURA CHARTER SCHOOL OF ARTS AND GLOBA,93001
10969,10561,VENTURA COUNTY OFFICE OF EDUCATION,     
11117,72652,VENTURA UNIFIED,     
8496,10397,VENTURE ACADEMY,95206
7402,67918,VICTOR ELEMENTARY,     
7421,67934,VICTOR VALLEY UNION HIGH,     
3740,64733,VIEW PARK PREPARATORY ACCELERATED CHARTE,90043
2790,64733,VIEW PARK PREPARATORY ACCELERATED HIGH,90043
10298,75358,VILLAGE CHARTER,95401
3097,64733,VILLAGE CHARTER ACADEMY,91303
259,61259,VINCENT ACADEMY,94607
1917,63834,VINELAND ELEMENTARY,     
10826,72256,VISALIA UNIFIED,     
2979,64733,VISTA CHARTER MIDDLE,90026
9171,69344,VISTA DEL MAR UNION,     
5166,10306,VISTA HERITAGE CHARTER MIDDLE,92703
661,61663,VISTA OAKS CHARTER,94514
10970,10561,VISTA REAL CHARTER HIGH,93030
8229,68452,VISTA UNIFIED,     
9378,69450,VOICES COLLEGE-BOUND LANGUAGE ACADEMY,95111
1375,76778,W. E. B. DUBOIS PUBLIC CHARTER,93706
1383,10116,WALDEN ACADEMY,95988
2786,64733,WALLIS ANNENBERG HIGH,90037
892,61812,WALNUT CREEK ELEMENTARY,     
4335,73460,WALNUT VALLEY UNIFIED,     
8332,75416,WARNER UNIFIED,     
1920,63842,WASCO UNION ELEMENTARY,     
1926,63859,WASCO UNION HIGH,     
1294,62513,WASHINGTON COLONY ELEMENTARY,     
1373,76778,WASHINGTON UNIFIED,     
5031,66233,WASHINGTON UNION ELEMENTARY,     
10516,75572,WATERFORD UNIFIED,     
3737,64733,WATTS LEARNING CENTER,90003
2933,64733,WATTS LEARNING CENTER CHARTER MIDDLE,90003
10271,70995,WAUGH ELEMENTARY,     
10868,72264,WAUKENA JOINT UNION ELEMENTARY,     
4832,65862,WEAVER UNION,     
9940,70482,WEED UNION ELEMENTARY,     
791,61796,WEST CONTRA COSTA UNIFIED,     
4152,65094,WEST COVINA UNIFIED,     
1296,62539,WEST PARK ELEMENTARY,     
10274,71001,WEST SIDE UNION ELEMENTARY,     
10088,70607,WEST SONOMA COUNTY UNION HIGH,     
2138,10199,WESTCHESTER SECONDARY CHARTER,90047
5929,66951,WESTERN PLACER UNIFIED,     
5949,75085,WESTERN SIERRA COLLEGIATE ACADEMY,95765
5676,66746,WESTMINSTER,     
1618,63230,WESTMORLAND UNION ELEMENTARY,     
1299,62547,WESTSIDE ELEMENTARY,     
2935,64733,WESTSIDE INNOVATIVE SCHOOL HOUSE,90045
3086,64733,WESTSIDE INNOVATIVE SCHOOL HOUSE CHARTER,90045
4170,65102,WESTSIDE UNION ELEMENTARY,     
2110,64204,WESTWOOD CHARTER,96137
2109,64204,WESTWOOD UNIFIED,     
11318,72751,WHEATLAND,     
11324,72769,WHEATLAND UNION HIGH,     
9867,70169,WHITMORE UNION ELEMENTARY,     
4183,65110,WHITTIER CITY ELEMENTARY,     
4198,65128,WHITTIER UNION HIGH,     
2578,64634,WILDER'S PREPARATORY ACADEMY CHARTER,90302
2579,64634,WILDER'S PREPARATORY ACADEMY CHARTER MID,90302
457,61424,WILDFLOWER OPEN CLASSROOM,95926
4207,65136,WILLIAM S. HART UNION HIGH,     
594,61622,WILLIAMS UNIFIED,     
4715,65623,WILLITS CHARTER,95490
4712,65623,WILLITS ELEMENTARY CHARTER,95490
4710,65623,WILLITS UNIFIED,     
4617,65474,WILLOW CREEK ACADEMY,94965
9942,70490,WILLOW CREEK ELEMENTARY,     
6942,67579,WILLOW GROVE UNION ELEMENTARY,     
1402,62661,WILLOWS UNIFIED,     
10276,71019,WILMAR UNION ELEMENTARY,     
4229,65151,WILSONA ELEMENTARY,     
10297,75358,WINDSOR UNIFIED,     
10579,71456,WINSHIP COMMUNITY,95957
10577,71456,WINSHIP-ROBBINS,     
11254,72702,WINTERS JOINT UNIFIED,     
4836,65870,WINTON,     
4433,76869,WISEBURN UNIFIED,     
1651,10157,WONDERFUL COLLEGE PREP ACADEMY,93215
10912,76794,WOODLAKE UNIFIED,     
11260,72710,WOODLAND JOINT UNIFIED,     
10251,70953,WOODLAND STAR CHARTER,95476
9060,69088,WOODSIDE ELEMENTARY,     
10870,72298,WOODVILLE UNION ELEMENTARY,     
7327,67876,WOODWARD LEADERSHIP ACADEMY,92411
10278,71035,WRIGHT ELEMENTARY,     
6677,67439,YAV PEM SUAB ACADEMY - PREPARING FOR THE,95831
11209,10579,YOLO COUNTY OFFICE OF EDUCATION,     
4520,76414,YOSEMITE UNIFIED,     
4457,65185,YOSEMITE-WAWONA ELEMENTARY CHARTER,95389
9944,70508,YREKA UNION ELEMENTARY,     
9948,70516,YREKA UNION HIGH,     
5,10017,YU MING CHARTER,94608
10588,71464,YUBA CITY CHARTER,95991
10581,71464,YUBA CITY UNIFIED,     
11280,10587,YUBA COUNTY OFFICE OF EDUCATION,     
11282,10587,YUBA ENVIRONMENTAL SCIENCE CHARTER ACADE,95962
7433,67959,YUCAIPA-CALIMESA JOINT UNIFIED,     
0,0,,     
