,Agency Name,State Name [District] Latest available year,Total Local Revenue,Total State Revenue,Total Federal Revenue,Total Revenue
0,ABC UNIFIED,California,171312000.0,39046000.0,15893000.0,226251000.0
1,ACALANES UNION HIGH,California,27481000.0,8624000.0,1605000.0,37710000.0
2,ACKERMAN CHARTER,California,3714000.0,473000.0,223000.0,4410000.0
3,ACTON-AGUA DULCE UNIFIED,California,25820000.0,2913000.0,1250000.0,29983000.0
4,ADELANTO ELEMENTARY,California,96654000.0,12463000.0,10906000.0,120023000.0
5,ALAMEDA CNTY. STUDENT EXCHANGE PROG.,California,0.0,0.0,0.0,0.0
6,ALAMEDA COUNTY OFFICE OF EDUCATION,California,40170000.0,9711000.0,5914000.0,55795000.0
7,ALAMEDA UNIFIED,California,76372000.0,14285000.0,5985000.0,96642000.0
8,ALBANY CITY UNIFIED,California,45387000.0,6761000.0,6063000.0,58211000.0
9,ALEXANDER VALLEY UNION ELEMENTARY,California,759000.0,303000.0,61000.0,1123000.0
10,ALHAMBRA UNIFIED,California,149777000.0,69201000.0,31160000.0,250138000.0
11,ALISAL UNION,California,83568000.0,13610000.0,12363000.0,109541000.0
12,ALLENSWORTH ELEMENTARY,California,871000.0,116000.0,118000.0,1105000.0
13,ALPAUGH UNIFIED,California,3832000.0,565000.0,624000.0,5021000.0
14,ALPINE COUNTY OFFICE OF EDUCATION,California,1108000.0,172000.0,167000.0,1447000.0
15,ALPINE COUNTY UNIFIED,California,888000.0,308000.0,518000.0,1714000.0
16,ALPINE UNION ELEMENTARY,California,10410000.0,2122000.0,901000.0,13433000.0
17,ALTA LOMA ELEMENTARY,California,45511000.0,6821000.0,2777000.0,55109000.0
18,ALTA VISTA ELEMENTARY,California,5325000.0,783000.0,995000.0,7103000.0
19,ALTA-DUTCH FLAT UNION ELEMENTARY,California,566000.0,133000.0,95000.0,794000.0
20,ALUM ROCK UNION ELEMENTARY,California,81282000.0,17682000.0,14255000.0,113219000.0
21,ALVIEW-DAIRYLAND UNION ELEMENTARY,California,2466000.0,487000.0,399000.0,3352000.0
22,ALVINA ELEMENTARY,California,1532000.0,136000.0,101000.0,1769000.0
23,ALVORD UNIFIED,California,169894000.0,32776000.0,19938000.0,222608000.0
24,AMADOR COUNTY OFFICE OF EDUCATION,California,10585000.0,1079000.0,1195000.0,12859000.0
25,AMADOR COUNTY ROP,California,0.0,0.0,0.0,0.0
26,AMADOR COUNTY UNIFIED,California,10336000.0,5267000.0,1912000.0,17515000.0
27,ANAHEIM ELEMENTARY,California,116382000.0,33643000.0,14690000.0,164715000.0
28,ANAHEIM UNION HIGH,California,252912000.0,58792000.0,38103000.0,349807000.0
29,ANDERSON UNION HIGH,California,13268000.0,2939000.0,1531000.0,17738000.0
30,ANDERSON VALLEY UNIFIED,California,4312000.0,1415000.0,955000.0,6682000.0
31,ANTELOPE ELEMENTARY,California,6285000.0,826000.0,644000.0,7755000.0
32,ANTELOPE VALLEY ROP,California,0.0,0.0,0.0,0.0
33,ANTELOPE VALLEY SCHOOLS TRANSPORTATION AGENCY,California,14897000.0,0.0,0.0,14897000.0
34,ANTELOPE VALLEY UNION HIGH,California,230399000.0,35600000.0,22344000.0,288343000.0
35,ANTIOCH UNIFIED,California,129247000.0,24116000.0,14321000.0,167684000.0
36,APPLE VALLEY UNIFIED,California,106976000.0,21917000.0,11975000.0,140868000.0
37,ARCADIA UNIFIED,California,59217000.0,14194000.0,4220000.0,77631000.0
38,ARCATA ELEMENTARY,California,8849000.0,1892000.0,1100000.0,11841000.0
39,ARCOHE UNION ELEMENTARY,California,2966000.0,657000.0,429000.0,4052000.0
40,ARENA UNION ELEMENTARY,California,0.0,0.0,0.0,0.0
41,ARENA UNION ELEMENTARY/POINT ARENA JOINT UNION HIGH,California,1825000.0,990000.0,544000.0,3359000.0
42,ARMONA UNION ELEMENTARY,California,11716000.0,1396000.0,1501000.0,14613000.0
43,AROMAS - SAN JUAN UNIFIED,California,2921000.0,1383000.0,805000.0,5109000.0
44,ARVIN UNION,California,31199000.0,4164000.0,4785000.0,40148000.0
45,ATASCADERO UNIFIED,California,17888000.0,7405000.0,2927000.0,28220000.0
46,ATWATER ELEMENTARY,California,45728000.0,8162000.0,6702000.0,60592000.0
47,AUBURN UNION ELEMENTARY,California,11011000.0,3076000.0,1717000.0,15804000.0
48,AZUSA UNIFIED,California,82952000.0,19562000.0,12938000.0,115452000.0
49,BAKER VALLEY UNIFIED,California,445000.0,368000.0,151000.0,964000.0
50,BAKERSFIELD CITY,California,292601000.0,43426000.0,44868000.0,380895000.0
51,BALDWIN PARK UNIFIED,California,155169000.0,24674000.0,20764000.0,200607000.0
52,BALDY VIEW ROP,California,0.0,0.0,0.0,0.0
53,BALDY VIEW ROP JPA,California,7253000.0,2436000.0,205000.0,9894000.0
54,BALLARD ELEMENTARY,California,415000.0,189000.0,36000.0,640000.0
55,BALLICO-CRESSEY ELEMENTARY,California,2719000.0,555000.0,410000.0,3684000.0
56,BANGOR UNION ELEMENTARY,California,750000.0,273000.0,102000.0,1125000.0
57,BANNING UNIFIED,California,39815000.0,7014000.0,6614000.0,53443000.0
58,BANTA ELEMENTARY,California,5900000.0,425000.0,691000.0,7016000.0
59,BARSTOW UNIFIED,California,63047000.0,7890000.0,7539000.0,78476000.0
60,BASS LAKE JOINT UNION ELEMENTARY,California,3568000.0,1112000.0,571000.0,5251000.0
61,BASSETT UNIFIED,California,40675000.0,7102000.0,5748000.0,53525000.0
62,BAYSHORE ELEMENTARY,California,27660000.0,458000.0,471000.0,28589000.0
63,BEAR VALLEY UNIFIED,California,15812000.0,3371000.0,2062000.0,21245000.0
64,BEARDSLEY ELEMENTARY,California,13872000.0,1750000.0,2508000.0,18130000.0
65,BEAUMONT UNIFIED,California,77873000.0,12298000.0,8475000.0,98646000.0
66,BELLA VISTA ELEMENTARY,California,2586000.0,378000.0,317000.0,3281000.0
67,BELLEVIEW ELEMENTARY,California,995000.0,381000.0,111000.0,1487000.0
68,BELLEVUE UNION,California,12941000.0,3425000.0,2314000.0,18680000.0
69,BELLFLOWER UNIFIED,California,107392000.0,16567000.0,11864000.0,135823000.0
70,BELMONT-REDWOOD SHORES ELEMENTARY,California,21010000.0,4769000.0,1105000.0,26884000.0
71,BELRIDGE ELEMENTARY,California,126000.0,196000.0,68000.0,390000.0
72,BENICIA UNIFIED,California,28107000.0,6010000.0,1779000.0,35896000.0
73,BENNETT VALLEY UNION ELEMENTARY,California,4571000.0,1243000.0,291000.0,6105000.0
74,BERKELEY UNIFIED,California,92979000.0,22440000.0,7432000.0,122851000.0
75,BERRYESSA UNION ELEMENTARY,California,44902000.0,8547000.0,3887000.0,57336000.0
76,BEVERLY HILLS UNIFIED,California,28064000.0,4790000.0,1859000.0,34713000.0
77,BIG CREEK ELEMENTARY,California,406000.0,86000.0,138000.0,630000.0
78,BIG LAGOON UNION ELEMENTARY,California,293000.0,87000.0,34000.0,414000.0
79,BIG OAK FLAT-GROVELAND UNIFIED,California,962000.0,473000.0,168000.0,1603000.0
80,BIG PINE UNIFIED,California,704000.0,224000.0,722000.0,1650000.0
81,BIG SPRINGS UNION ELEMENTARY,California,1445000.0,183000.0,187000.0,1815000.0
82,BIG SUR UNIFIED,California,1187000.0,306000.0,58000.0,1551000.0
83,BIG VALLEY JOINT UNIFIED,California,1123000.0,326000.0,146000.0,1595000.0
84,BIGGS UNIFIED,California,4401000.0,994000.0,672000.0,6067000.0
85,BISHOP UNIFIED,California,7100000.0,2175000.0,2255000.0,11530000.0
86,BITTERWATER-TULLY ELEMENTARY,California,300000.0,32000.0,27000.0,359000.0
87,BLACK BUTTE UNION ELEMENTARY,California,880000.0,242000.0,367000.0,1489000.0
88,BLACK OAK MINE UNIFIED,California,6760000.0,1819000.0,845000.0,9424000.0
89,BLAKE ELEMENTARY,California,144000.0,50000.0,21000.0,215000.0
90,BLOCHMAN UNION ELEMENTARY,California,2079000.0,210000.0,137000.0,2426000.0
91,BLP SCHS SELF-INC. WORKERS COMPENSATION,California,0.0,0.0,0.0,0.0
92,BLUE LAKE UNION ELEMENTARY,California,1086000.0,405000.0,239000.0,1730000.0
93,BOGUS ELEMENTARY,California,121000.0,50000.0,41000.0,212000.0
94,BOLINAS-STINSON UNION,California,1074000.0,295000.0,364000.0,1733000.0
95,BONITA UNIFIED,California,81046000.0,9827000.0,5849000.0,96722000.0
96,BONNY DOON UNION ELEMENTARY,California,489000.0,199000.0,56000.0,744000.0
97,BONSALL UNIFIED,CALIFORNIA,14202000.0,3250000.0,2110000.0,19562000.0
98,BORREGO SPRINGS UNIFIED,California,9672000.0,1174000.0,607000.0,11453000.0
99,BRADLEY UNION ELEMENTARY,California,818000.0,123000.0,43000.0,984000.0
100,BRAWLEY ELEMENTARY,California,37016000.0,6685000.0,4880000.0,48581000.0
101,BRAWLEY UNION HIGH,California,18290000.0,3355000.0,1516000.0,23161000.0
102,BREA-OLINDA UNIFIED,California,24755000.0,6460000.0,2580000.0,33795000.0
103,BRENTWOOD UNION ELEMENTARY,California,57986000.0,13111000.0,3909000.0,75006000.0
104,BRET HARTE UNION HIGH,California,1257000.0,1380000.0,321000.0,2958000.0
105,BRIDGEVILLE ELEMENTARY,California,324000.0,150000.0,49000.0,523000.0
106,BRIGGS ELEMENTARY,California,4535000.0,664000.0,532000.0,5731000.0
107,BRISBANE ELEMENTARY,California,2093000.0,662000.0,196000.0,2951000.0
108,BRITTAN ELEMENTARY,California,2775000.0,801000.0,305000.0,3881000.0
109,BROWNS ELEMENTARY,California,987000.0,141000.0,104000.0,1232000.0
110,BUCKEYE UNION ELEMENTARY,California,31195000.0,5523000.0,1394000.0,38112000.0
111,BUELLTON UNION ELEMENTARY,California,5422000.0,1221000.0,771000.0,7414000.0
112,BUENA PARK ELEMENTARY,California,36859000.0,8880000.0,5324000.0,51063000.0
113,BUENA VISTA ELEMENTARY,California,1784000.0,220000.0,166000.0,2170000.0
114,BURBANK UNIFIED,California,106555000.0,19323000.0,9291000.0,135169000.0
115,BURLINGAME ELEMENTARY,California,19942000.0,3905000.0,1049000.0,24896000.0
116,BURNT RANCH ELEMENTARY,California,900000.0,241000.0,111000.0,1252000.0
117,BURREL UNION ELEMENTARY,California,849000.0,244000.0,218000.0,1311000.0
118,BURTON ELEMENTARY,California,42213000.0,6599000.0,4123000.0,52935000.0
119,BUTTE COUNTY OFFICE OF EDUCATION,California,39948000.0,12809000.0,30986000.0,83743000.0
120,BUTTE COUNTY ROP,California,0.0,0.0,0.0,0.0
121,BUTTE VALLEY UNIFIED,California,2628000.0,809000.0,334000.0,3771000.0
122,BUTTEVILLE UNION ELEMENTARY,California,1456000.0,292000.0,188000.0,1936000.0
123,BUTTONWILLOW UNION ELEMENTARY,California,3456000.0,578000.0,604000.0,4638000.0
124,BYRON UNION ELEMENTARY,California,35830000.0,6762000.0,15359000.0,57951000.0
125,CA ADVANCING PATHWAYS FOR STUDENTS IN LOS ANGELES CO JPA,CALIFORNIA,560000.0,0.0,0.0,560000.0
126,CA ADVANCING PATHWAYS FOR STUDENTS IN LOS ANGELES CO ROC/P,CALIFORNIA,0.0,0.0,0.0,0.0
127,CA SCH FOR THE DEAF-RIVERSIDE (STATE SPECIAL SCHL),California,0.0,0.0,0.0,0.0
128,CABRILLO UNIFIED,California,22572000.0,4424000.0,1579000.0,28575000.0
129,CAJON VALLEY UNION,California,132513000.0,23105000.0,18887000.0,174505000.0
130,CALAVERAS COUNTY OFFICE OF EDUCATION,California,12284000.0,1638000.0,1659000.0,15581000.0
131,CALAVERAS UNIFIED,California,11704000.0,3846000.0,2130000.0,17680000.0
132,CALEXICO UNIFIED,California,92038000.0,24592000.0,12251000.0,128881000.0
133,CALIENTE UNION ELEMENTARY,California,507000.0,72000.0,69000.0,648000.0
134,CALIFORNIA EDUCATION AUTHORITY (CEA) HEADQUARTERS,California,0.0,0.0,0.0,0.0
135,CALIFORNIA SCHOOL FOR THE BLIND (STATE SPECIAL SCHL),California,0.0,0.0,0.0,0.0
136,CALIFORNIA SCHOOL FOR THE DEAF-FREMONT (STATE SPECIAL SCHL),California,0.0,0.0,0.0,0.0
137,CALIPATRIA UNIFIED,California,9025000.0,4676000.0,1392000.0,15093000.0
138,CALISTOGA JOINT UNIFIED,California,1595000.0,1671000.0,514000.0,3780000.0
139,CAMBRIAN,California,14561000.0,3866000.0,1195000.0,19622000.0
140,CAMINO UNION ELEMENTARY,California,3227000.0,674000.0,325000.0,4226000.0
141,CAMPBELL UNION,California,34952000.0,12636000.0,6250000.0,53838000.0
142,CAMPBELL UNION HIGH,California,26556000.0,14938000.0,2795000.0,44289000.0
143,CAMPTONVILLE ELEMENTARY,California,4495000.0,637000.0,155000.0,5287000.0
144,CANYON ELEMENTARY,California,592000.0,80000.0,28000.0,700000.0
145,CAPAY JOINT UNION ELEMENTARY,California,1533000.0,143000.0,131000.0,1807000.0
146,CAPISTRANO UNIFIED,California,146682000.0,69058000.0,22218000.0,237958000.0
147,CARDIFF ELEMENTARY,California,1895000.0,1037000.0,249000.0,3181000.0
148,CARLSBAD UNIFIED,California,30187000.0,14152000.0,5838000.0,50177000.0
149,CARMEL UNIFIED,California,6193000.0,5479000.0,839000.0,12511000.0
150,CARPINTERIA UNIFIED,California,3361000.0,3770000.0,1943000.0,9074000.0
151,CARUTHERS UNIFIED,California,14135000.0,2989000.0,2115000.0,19239000.0
152,CASCADE UNION ELEMENTARY,California,9302000.0,2052000.0,1698000.0,13052000.0
153,CASTAIC UNION,California,15227000.0,3068000.0,668000.0,18963000.0
154,CASTLE ROCK UNION ELEMENTARY,California,556000.0,70000.0,52000.0,678000.0
155,CASTRO VALLEY UNIFIED,California,83432000.0,18313000.0,15489000.0,117234000.0
156,CAYUCOS ELEMENTARY,California,525000.0,507000.0,235000.0,1267000.0
157,CENTER FOR ADVANCED RESEARCH & TECH (CART) JPA,California,2346000.0,0.0,0.0,2346000.0
158,CENTER JOINT UNIFIED,California,35026000.0,6802000.0,3926000.0,45754000.0
159,CENTINELA VALLEY UNION HIGH,California,62347000.0,9939000.0,9756000.0,82042000.0
160,CENTRAL CALIF MIGRANT HEAD START JPA,California,75000.0,66000.0,27607000.0,27748000.0
161,CENTRAL CALIFORNIA SCHOOL FINANCE AUTHORITY JPA,California,148000.0,0.0,0.0,148000.0
162,CENTRAL ELEMENTARY,California,39227000.0,5423000.0,2795000.0,47445000.0
163,CENTRAL ORANGE COUNTY CTE PARTNERSHIP (CTEP),California,0.0,0.0,0.0,0.0
164,CENTRAL SIERRA ROP,California,0.0,0.0,0.0,0.0
165,CENTRAL SIERRA ROP JPA,California,427000.0,19000.0,0.0,446000.0
166,CENTRAL UNIFIED,California,136078000.0,21026000.0,15485000.0,172589000.0
167,CENTRAL UNION ELEMENTARY,California,14909000.0,2655000.0,8203000.0,25767000.0
168,CENTRAL UNION HIGH,California,42160000.0,7435000.0,3370000.0,52965000.0
169,CENTRAL VALLEY PRE-SCHOOL JPA,California,3000.0,420000.0,0.0,423000.0
170,CENTRAL VALLEY SUPPORT SERVICES JPA,California,5762000.0,0.0,1686000.0,7448000.0
171,CENTRALIA ELEMENTARY,California,30639000.0,9748000.0,3897000.0,44284000.0
172,CERES UNIFIED,California,134024000.0,18553000.0,16303000.0,168880000.0
173,CHAFFEY JOINT UNION HIGH,California,209949000.0,43689000.0,19800000.0,273438000.0
174,CHARTER OAK UNIFIED,California,41934000.0,6829000.0,3790000.0,52553000.0
175,CHATOM UNION,California,4217000.0,774000.0,799000.0,5790000.0
176,CHAWANAKEE UNIFIED,California,7502000.0,1521000.0,682000.0,9705000.0
177,CHICAGO PARK ELEMENTARY,California,1807000.0,185000.0,76000.0,2068000.0
178,CHICO UNIFIED,California,94415000.0,18894000.0,11477000.0,124786000.0
179,CHINO VALLEY UNIFIED,California,224604000.0,40437000.0,17256000.0,282297000.0
180,CHOWCHILLA ELEMENTARY,California,18188000.0,2906000.0,2220000.0,23314000.0
181,CHOWCHILLA UNION HIGH,California,7582000.0,1405000.0,809000.0,9796000.0
182,CHUALAR UNION,California,3217000.0,762000.0,378000.0,4357000.0
183,CHULA VISTA ELEMENTARY,California,205390000.0,44577000.0,26320000.0,276287000.0
184,CIENEGA UNION ELEMENTARY,California,250000.0,21000.0,19000.0,290000.0
185,CINNABAR ELEMENTARY,California,3257000.0,403000.0,193000.0,3853000.0
186,CLAREMONT UNIFIED,California,61125000.0,10435000.0,3734000.0,75294000.0
187,CLAY JOINT ELEMENTARY,California,1798000.0,342000.0,97000.0,2237000.0
188,CLEAR CREEK ELEMENTARY,California,635000.0,266000.0,87000.0,988000.0
189,CLOVERDALE UNIFIED,California,5905000.0,2116000.0,1051000.0,9072000.0
190,CLOVIS UNIFIED,California,352455000.0,60787000.0,28579000.0,441821000.0
191,COACHELLA VALLEY UNIFIED,California,184721000.0,35263000.0,35382000.0,255366000.0
192,COALINGA-HURON UNIFIED,California,40215000.0,7810000.0,6025000.0,54050000.0
193,COAST UNIFIED,California,1544000.0,1320000.0,515000.0,3379000.0
194,COASTLINE ROP,California,0.0,0.0,0.0,0.0
195,COASTLINE ROP JPA,California,9440000.0,854000.0,0.0,10294000.0
196,COFFEE CREEK ELEMENTARY,California,147000.0,22000.0,22000.0,191000.0
197,COLD SPRING ELEMENTARY,California,471000.0,448000.0,13000.0,932000.0
198,COLFAX ELEMENTARY,California,2182000.0,391000.0,271000.0,2844000.0
199,COLLEGE AND CAREER ADVANTAGE,California,3238000.0,0.0,0.0,3238000.0
200,COLLEGE ELEMENTARY,California,1471000.0,604000.0,128000.0,2203000.0
201,COLTON JOINT UNIFIED,California,223181000.0,34494000.0,23590000.0,281265000.0
202,COLTON-REDLANDS-YUCAIPA ROP,California,0.0,0.0,0.0,0.0
203,COLTON-REDLANDS-YUCAIPA ROP JPA,California,7199000.0,4211000.0,601000.0,12011000.0
204,COLUMBIA ELEMENTARY,California,11360000.0,1269000.0,588000.0,13217000.0
205,COLUMBIA UNION,California,3112000.0,748000.0,327000.0,4187000.0
206,COLUMBINE ELEMENTARY,California,1606000.0,209000.0,128000.0,1943000.0
207,COLUSA COUNTY OFFICE OF EDUCATION,California,7892000.0,1840000.0,1947000.0,11679000.0
208,COLUSA UNIFIED,California,10516000.0,2084000.0,1076000.0,13676000.0
209,COMMUNITY DAY SCHOOL JOINT POWERS AGENCY,California,0.0,0.0,0.0,0.0
210,COMPTON UNIFIED,California,206446000.0,66633000.0,30112000.0,303191000.0
211,COMPTON UNIFIED ROP,California,0.0,0.0,0.0,0.0
212,CONEJO VALLEY UNIFIED,California,91053000.0,20489000.0,7935000.0,119477000.0
213,CONTRA COSTA COUNTY OFFICE OF EDUCATION,California,74263000.0,33846000.0,3622000.0,111731000.0
214,CONTRA COSTA COUNTY ROP,California,25898000.0,4442000.0,14695000.0,45035000.0
215,CONTRA COSTA SELPA,California,0.0,0.0,0.0,0.0
216,CORCORAN JOINT UNIFIED,California,30968000.0,5163000.0,4209000.0,40340000.0
217,CORNING UNION ELEMENTARY,California,18489000.0,2675000.0,2557000.0,23721000.0
218,CORNING UNION HIGH,California,8662000.0,1641000.0,1184000.0,11487000.0
219,CORONA-NORCO UNIFIED,California,411915000.0,82235000.0,37378000.0,531528000.0
220,CORONADO UNIFIED,California,28500000.0,4597000.0,2830000.0,35927000.0
221,COTATI-ROHNERT PARK UNIFIED,California,39668000.0,7894000.0,3651000.0,51213000.0
222,COTTONWOOD UNION ELEMENTARY,California,7964000.0,1395000.0,728000.0,10087000.0
223,COVINA-VALLEY UNIFIED,California,147700000.0,30334000.0,27317000.0,205351000.0
224,CUCAMONGA ELEMENTARY,California,29368000.0,4190000.0,2792000.0,36350000.0
225,CUDDEBACK UNION ELEMENTARY,California,918000.0,259000.0,93000.0,1270000.0
226,CULVER CITY UNIFIED,California,64853000.0,20674000.0,7701000.0,93228000.0
227,CUPERTINO UNION,California,58800000.0,22942000.0,4725000.0,86467000.0
228,CURTIS CREEK ELEMENTARY,California,3357000.0,713000.0,298000.0,4368000.0
229,CUTLER-OROSI JOINT UNIFIED,California,44137000.0,7502000.0,7405000.0,59044000.0
230,CUTTEN ELEMENTARY,California,4181000.0,788000.0,480000.0,5449000.0
231,CUYAMA JOINT UNIFIED,California,2378000.0,496000.0,255000.0,3129000.0
232,CYPRESS ELEMENTARY,California,21588000.0,5582000.0,2467000.0,29637000.0
233,DAVIS JOINT UNIFIED,California,56266000.0,12860000.0,3281000.0,72407000.0
234,DEATH VALLEY UNIFIED,California,642000.0,71000.0,93000.0,806000.0
235,DEHESA ELEMENTARY,California,19694000.0,1392000.0,562000.0,21648000.0
236,DEL MAR UNION ELEMENTARY,California,11870000.0,6574000.0,1320000.0,19764000.0
237,DEL NORTE COUNTY OFFICE OF EDUCATION,California,6916000.0,541000.0,540000.0,7997000.0
238,DEL NORTE COUNTY ROP,California,0.0,0.0,0.0,0.0
239,DEL NORTE COUNTY UNIFIED,California,28736000.0,4736000.0,4822000.0,38294000.0
240,DELANO JOINT UNION HIGH,California,46526000.0,7086000.0,7930000.0,61542000.0
241,DELANO UNION ELEMENTARY,California,79218000.0,10156000.0,9773000.0,99147000.0
242,DELHI UNIFIED,California,26292000.0,4122000.0,3055000.0,33469000.0
243,DELPHIC ELEMENTARY,California,587000.0,81000.0,74000.0,742000.0
244,DENAIR UNIFIED,California,7674000.0,1657000.0,1307000.0,10638000.0
245,DESERT CENTER UNIFIED,California,188000.0,49000.0,69000.0,306000.0
246,DESERT SANDS UNIFIED,California,247480000.0,50544000.0,24641000.0,322665000.0
247,DI GIORGIO ELEMENTARY,California,2074000.0,320000.0,346000.0,2740000.0
248,DINUBA UNIFIED,California,66706000.0,8368000.0,7702000.0,82776000.0
249,DIXIE ELEMENTARY,California,9122000.0,2643000.0,579000.0,12344000.0
250,DIXON UNIFIED,California,22741000.0,4690000.0,2314000.0,29745000.0
251,DOS PALOS ORO LOMA JOINT UNIFIED,California,22780000.0,3689000.0,3022000.0,29491000.0
252,DOUGLAS CITY ELEMENTARY,California,1451000.0,297000.0,206000.0,1954000.0
253,DOWNEY UNIFIED,California,192446000.0,36867000.0,21339000.0,250652000.0
254,DRY CREEK JOINT ELEMENTARY,California,39244000.0,9028000.0,2183000.0,50455000.0
255,DUARTE UNIFIED,California,31974000.0,6670000.0,4187000.0,42831000.0
256,DUBLIN UNIFIED,California,56683000.0,14564000.0,2371000.0,73618000.0
257,DUCOR UNION ELEMENTARY,California,1477000.0,171000.0,297000.0,1945000.0
258,DUNHAM ELEMENTARY,California,1794000.0,424000.0,76000.0,2294000.0
259,DUNSMUIR ELEMENTARY,California,592000.0,179000.0,212000.0,983000.0
260,DUNSMUIR JOINT UNION HIGH,California,1242000.0,235000.0,134000.0,1611000.0
261,DURHAM UNIFIED,California,5489000.0,1437000.0,476000.0,7402000.0
262,EARLIMART ELEMENTARY,California,19234000.0,3040000.0,4689000.0,26963000.0
263,EAST MERCED COUNTY PUBLIC FACILITIES FINANCING AUTHORITY,California,0.0,0.0,0.0,0.0
264,EAST NICOLAUS JOINT UNION HIGH,California,2347000.0,440000.0,104000.0,2891000.0
265,EAST SAN GABRIEL VALLEY ROP,California,7398000.0,2710000.0,2711000.0,12819000.0
266,EAST SAN GABRIEL VALLEY ROP,California,0.0,0.0,0.0,0.0
267,EAST SIDE UNION HIGH,California,128395000.0,47491000.0,17756000.0,193642000.0
268,EAST VALLEY SCHOOL TRANSPORTATION JPA,California,2440000.0,0.0,0.0,2440000.0
269,EAST WHITTIER CITY ELEMENTARY,California,69915000.0,8946000.0,6047000.0,84908000.0
270,EASTERN SIERRA UNIFIED,California,2063000.0,872000.0,778000.0,3713000.0
271,EASTSIDE UNION ELEMENTARY,California,32873000.0,3477000.0,4015000.0,40365000.0
272,EDEN AREA ROP,California,0.0,0.0,0.0,0.0
273,EDEN AREA ROP JPA,California,8203000.0,6695000.0,71000.0,14969000.0
274,EDISON ELEMENTARY,California,9788000.0,2093000.0,1762000.0,13643000.0
275,EL CENTRO ELEMENTARY,California,49293000.0,8038000.0,6973000.0,64304000.0
276,EL DORADO COUNTY OFFICE OF EDUCATION,California,116984000.0,14317000.0,27977000.0,159278000.0
277,EL DORADO UNION HIGH,California,37679000.0,9629000.0,2467000.0,49775000.0
278,EL MONTE CITY,California,89403000.0,16095000.0,15415000.0,120913000.0
279,EL MONTE UNION HIGH,California,96015000.0,26222000.0,12791000.0,135028000.0
280,EL NIDO ELEMENTARY,California,1090000.0,326000.0,226000.0,1642000.0
281,EL RANCHO UNIFIED,California,81803000.0,10940000.0,9406000.0,102149000.0
282,EL SEGUNDO UNIFIED,California,48377000.0,3398000.0,837000.0,52612000.0
283,EL TEJON UNIFIED,California,4751000.0,997000.0,856000.0,6604000.0
284,ELK GROVE UNIFIED,California,479524000.0,106995000.0,56541000.0,643060000.0
285,ELK HILLS ELEMENTARY,California,1495000.0,149000.0,115000.0,1759000.0
286,ELKINS ELEMENTARY,California,133000.0,13000.0,34000.0,180000.0
287,ELVERTA JOINT ELEMENTARY,California,2391000.0,546000.0,242000.0,3179000.0
288,EMERY UNIFIED,California,11267000.0,1328000.0,1558000.0,14153000.0
289,EMPIRE UNION ELEMENTARY,California,30595000.0,2708000.0,3890000.0,37193000.0
290,ENCINITAS UNION ELEMENTARY,California,11272000.0,7088000.0,2241000.0,20601000.0
291,ENTERPRISE ELEMENTARY,California,30658000.0,5310000.0,4304000.0,40272000.0
292,ESCALON UNIFIED,California,19548000.0,3730000.0,1730000.0,25008000.0
293,ESCONDIDO UNION,California,133532000.0,23859000.0,20645000.0,178036000.0
294,ESCONDIDO UNION HIGH,California,66591000.0,13973000.0,7434000.0,87998000.0
295,ESPARTO UNIFIED,California,6391000.0,2028000.0,815000.0,9234000.0
296,ETIWANDA ELEMENTARY,California,132432000.0,17551000.0,6709000.0,156692000.0
297,EUREKA CITY SCHOOLS,California,22992000.0,6267000.0,5155000.0,34414000.0
298,EUREKA UNION,California,15872000.0,4240000.0,811000.0,20923000.0
299,EVERGREEN ELEMENTARY,California,47129000.0,15075000.0,6248000.0,68452000.0
300,EVERGREEN UNION,California,8917000.0,1574000.0,861000.0,11352000.0
301,EXETER UNIFIED,California,24071000.0,3636000.0,2728000.0,30435000.0
302,FAIRFAX ELEMENTARY,California,25711000.0,2752000.0,3575000.0,32038000.0
303,FAIRFIELD-SUISUN UNIFIED,California,169543000.0,30770000.0,15992000.0,216305000.0
304,FALL RIVER JOINT UNIFIED,California,8672000.0,2069000.0,939000.0,11680000.0
305,FALLBROOK UNION ELEMENTARY,California,29887000.0,7134000.0,11967000.0,48988000.0
306,FALLBROOK UNION HIGH,California,14547000.0,3847000.0,3293000.0,21687000.0
307,FARMERSVILLE UNIFIED,California,26255000.0,3836000.0,4709000.0,34800000.0
308,FEATHER FALLS UNION ELEMENTARY,California,285000.0,38000.0,39000.0,362000.0
309,FERNDALE UNIFIED,California,3505000.0,716000.0,371000.0,4592000.0
310,FIELDBROOK ELEMENTARY,California,843000.0,327000.0,84000.0,1254000.0
311,FILLMORE UNIFIED,California,36281000.0,6681000.0,5370000.0,48332000.0
312,FIREBAUGH-LAS DELTAS UNIFIED,California,22088000.0,4354000.0,4174000.0,30616000.0
313,FLOURNOY UNION ELEMENTARY,California,254000.0,29000.0,29000.0,312000.0
314,FOLSOM-CORDOVA UNIFIED,California,150423000.0,26846000.0,12133000.0,189402000.0
315,FONTANA UNIFIED,California,406602000.0,71308000.0,47765000.0,525675000.0
316,FORESTHILL UNION ELEMENTARY,California,2086000.0,459000.0,315000.0,2860000.0
317,FORESTVILLE UNION ELEMENTARY,California,1410000.0,632000.0,246000.0,2288000.0
318,FORKS OF SALMON ELEMENTARY,California,181000.0,46000.0,33000.0,260000.0
319,FORT BRAGG UNIFIED,California,12944000.0,3106000.0,2114000.0,18164000.0
320,FORT ROSS ELEMENTARY,California,242000.0,83000.0,27000.0,352000.0
321,FORT SAGE UNIFIED,California,2626000.0,540000.0,146000.0,3312000.0
322,FORTUNA ELEMENTARY,California,10507000.0,2380000.0,1692000.0,14579000.0
323,FORTUNA UNION HIGH,California,7323000.0,2923000.0,538000.0,10784000.0
324,FORTY-NINER ROP,California,0.0,0.0,0.0,0.0
325,FOUNTAIN VALLEY ELEMENTARY,California,31846000.0,7789000.0,2323000.0,41958000.0
326,FOWLER UNIFIED,California,23187000.0,3129000.0,2855000.0,29171000.0
327,FRANKLIN ELEMENTARY,California,2954000.0,449000.0,202000.0,3605000.0
328,FRANKLIN-MCKINLEY ELEMENTARY,California,62898000.0,13629000.0,10137000.0,86664000.0
329,FREMONT UNIFIED,California,231582000.0,36900000.0,17924000.0,286406000.0
330,FREMONT UNION HIGH,California,24725000.0,20208000.0,4795000.0,49728000.0
331,FRENCH GULCH-WHISKEYTOWN ELEMENTARY,California,350000.0,97000.0,94000.0,541000.0
332,FRESHWATER ELEMENTARY,California,2415000.0,351000.0,190000.0,2956000.0
333,FRESNO COUNTY OFFICE OF EDUCATION,California,112812000.0,38301000.0,37863000.0,188976000.0
334,FRESNO ROP,California,0.0,0.0,0.0,0.0
335,FRESNO UNIFIED,California,686339000.0,118824000.0,125265000.0,930428000.0
336,FRUITVALE ELEMENTARY,California,24401000.0,4421000.0,1831000.0,30653000.0
337,FULLERTON ELEMENTARY,California,78645000.0,21580000.0,10430000.0,110655000.0
338,FULLERTON JOINT UNION HIGH,California,89453000.0,21965000.0,10998000.0,122416000.0
339,GALT JOINT UNION ELEMENTARY,California,28572000.0,5514000.0,4318000.0,38404000.0
340,GALT JOINT UNION HIGH,California,17631000.0,12592000.0,1962000.0,32185000.0
341,GARDEN GROVE UNIFIED,California,365696000.0,78800000.0,54025000.0,498521000.0
342,GARFIELD ELEMENTARY,California,614000.0,128000.0,36000.0,778000.0
343,GARVEY ELEMENTARY,California,53313000.0,6515000.0,7174000.0,67002000.0
344,GATEWAY UNIFIED,California,21534000.0,4219000.0,3968000.0,29721000.0
345,GAZELLE UNION ELEMENTARY,California,389000.0,36000.0,61000.0,486000.0
346,GENERAL SHAFTER ELEMENTARY,California,532000.0,134000.0,178000.0,844000.0
347,GERBER UNION ELEMENTARY,California,3741000.0,492000.0,495000.0,4728000.0
348,GEYSERVILLE UNIFIED,California,1158000.0,527000.0,176000.0,1861000.0
349,GILROY UNIFIED,California,57967000.0,17501000.0,10138000.0,85606000.0
350,GLENDALE UNIFIED,California,187553000.0,40363000.0,26959000.0,254875000.0
351,GLENDORA UNIFIED,California,52742000.0,9855000.0,3686000.0,66283000.0
352,GLENN COUNTY OFFICE OF EDUCATION,California,15175000.0,4225000.0,5459000.0,24859000.0
353,GLENN COUNTY ROP,California,0.0,0.0,0.0,0.0
354,GOLD OAK UNION ELEMENTARY,California,2763000.0,484000.0,271000.0,3518000.0
355,GOLD TRAIL UNION ELEMENTARY,California,3929000.0,861000.0,270000.0,5060000.0
356,GOLDEN FEATHER UNION ELEMENTARY,California,1383000.0,199000.0,110000.0,1692000.0
357,GOLDEN PLAINS UNIFIED,California,15945000.0,2371000.0,3103000.0,21419000.0
358,GOLDEN VALLEY UNIFIED,California,14161000.0,3179000.0,758000.0,18098000.0
359,GOLETA UNION ELEMENTARY,California,11355000.0,10219000.0,11521000.0,33095000.0
360,GONZALES UNIFIED,California,17278000.0,4065000.0,3021000.0,24364000.0
361,GORMAN JOINT,California,1235000.0,82000.0,137000.0,1454000.0
362,GRANT ELEMENTARY,California,4731000.0,681000.0,283000.0,5695000.0
363,GRASS VALLEY ELEMENTARY,California,7824000.0,2754000.0,2120000.0,12698000.0
364,GRATTON ELEMENTARY,California,1243000.0,309000.0,48000.0,1600000.0
365,GRAVENSTEIN UNION ELEMENTARY,California,5544000.0,800000.0,237000.0,6581000.0
366,GRAVES ELEMENTARY,California,288000.0,63000.0,26000.0,377000.0
367,GREATER ANAHEIM SELPA JPA,California,1775000.0,52000.0,280000.0,2107000.0
368,GREEN POINT ELEMENTARY,California,151000.0,34000.0,23000.0,208000.0
369,GREENFIELD UNION,California,91587000.0,12893000.0,12849000.0,117329000.0
370,GREENFIELD UNION ELEMENTARY,California,32381000.0,5278000.0,4931000.0,42590000.0
371,GRENADA ELEMENTARY,California,1597000.0,297000.0,187000.0,2081000.0
372,GRIDLEY UNIFIED,California,16869000.0,3092000.0,1628000.0,21589000.0
373,GROSSMONT UNION HIGH,California,117682000.0,41778000.0,20826000.0,180286000.0
374,GUADALUPE UNION ELEMENTARY,California,11215000.0,2650000.0,1863000.0,15728000.0
375,GUERNEVILLE ELEMENTARY,California,1621000.0,765000.0,332000.0,2718000.0
376,GUSTINE UNIFIED,California,15092000.0,2947000.0,1895000.0,19934000.0
377,HACIENDA LA PUENTE UNIFIED,California,173734000.0,62080000.0,26573000.0,262387000.0
378,HAMILTON UNIFIED,California,6209000.0,1207000.0,773000.0,8189000.0
379,HANFORD ELEMENTARY,California,55140000.0,9042000.0,5757000.0,69939000.0
380,HANFORD JOINT UNION HIGH,California,35057000.0,6576000.0,2611000.0,44244000.0
381,HAPPY CAMP UNION ELEMENTARY,California,945000.0,211000.0,260000.0,1416000.0
382,HAPPY VALLEY ELEMENTARY,California,362000.0,467000.0,42000.0,871000.0
383,HAPPY VALLEY UNION ELEMENTARY,California,4054000.0,619000.0,559000.0,5232000.0
384,HARMONY UNION ELEMENTARY,California,5683000.0,784000.0,239000.0,6706000.0
385,HART ROP,California,0.0,0.0,0.0,0.0
386,HART-RANSOM UNION ELEMENTARY,California,9703000.0,961000.0,471000.0,11135000.0
387,HAWTHORNE,California,78579000.0,15212000.0,12579000.0,106370000.0
388,HAYWARD UNIFIED,California,168369000.0,45513000.0,32767000.0,246649000.0
389,HEALDSBURG UNIFIED,California,7150000.0,2945000.0,1748000.0,11843000.0
390,HEBER ELEMENTARY,California,11563000.0,1669000.0,1400000.0,14632000.0
391,HELENDALE ELEMENTARY,California,29549000.0,2815000.0,784000.0,33148000.0
392,HEMET UNIFIED,California,221497000.0,45161000.0,27400000.0,294058000.0
393,HERMOSA BEACH CITY ELEMENTARY,California,9094000.0,1190000.0,290000.0,10574000.0
394,HESPERIA UNIFIED,California,208273000.0,27989000.0,22431000.0,258693000.0
395,HICKMAN COMMUNITY CHARTER,California,8404000.0,656000.0,364000.0,9424000.0
396,HILLSBOROUGH CITY ELEMENTARY,California,7215000.0,2884000.0,285000.0,10384000.0
397,HILMAR UNIFIED,California,17069000.0,3152000.0,1961000.0,22182000.0
398,HOLLISTER,California,43694000.0,8098000.0,5067000.0,56859000.0
399,HOLTVILLE UNIFIED,California,14238000.0,2733000.0,1850000.0,18821000.0
400,HOPE ELEMENTARY,California,1699000.0,1393000.0,486000.0,3578000.0
401,HOPE ELEMENTARY,California,2069000.0,228000.0,156000.0,2453000.0
402,HORICON ELEMENTARY,California,322000.0,109000.0,69000.0,500000.0
403,HORNBROOK ELEMENTARY,California,387000.0,67000.0,91000.0,545000.0
404,HOT SPRINGS ELEMENTARY,California,212000.0,20000.0,40000.0,272000.0
405,HOWELL MOUNTAIN ELEMENTARY,California,366000.0,142000.0,105000.0,613000.0
406,HUENEME ELEMENTARY,California,77564000.0,8542000.0,9220000.0,95326000.0
407,HUGHES-ELIZABETH LAKES UNION ELEMENTARY,California,1124000.0,142000.0,204000.0,1470000.0
408,HUGHSON UNIFIED,California,15800000.0,3061000.0,1719000.0,20580000.0
409,HUMBOLDT COUNTY OFFICE OF EDUCATION,California,35171000.0,5420000.0,6232000.0,46823000.0
410,HUMBOLDT COUNTY ROP,California,0.0,0.0,0.0,0.0
411,HUNTINGTON BEACH CITY ELEMENTARY,California,28663000.0,8381000.0,2856000.0,39900000.0
412,HUNTINGTON BEACH UNION HIGH,California,88895000.0,31205000.0,16520000.0,136620000.0
413,HYDESVILLE ELEMENTARY,California,1106000.0,193000.0,93000.0,1392000.0
414,IGO ONO PLATINA UNION ELEMENTARY,California,405000.0,134000.0,90000.0,629000.0
415,IMPERIAL COUNTY OFFICE OF EDUCATION,California,63914000.0,27435000.0,21327000.0,112676000.0
416,IMPERIAL UNIFIED,California,33859000.0,5663000.0,2267000.0,41789000.0
417,IMPERIAL VALLEY ROP,California,0.0,0.0,0.0,0.0
418,IMPERIAL VALLEY ROP JPA,California,4997000.0,345000.0,855000.0,6197000.0
419,INDIAN DIGGINGS ELEMENTARY,California,134000.0,84000.0,21000.0,239000.0
420,INDIAN SPRINGS ELEMENTARY,California,106000.0,58000.0,33000.0,197000.0
421,INGLEWOOD UNIFIED,California,100959000.0,22632000.0,15590000.0,139181000.0
422,INYO COUNTY CAREER TECHNICAL EDUCATION,California,557000.0,0.0,0.0,557000.0
423,INYO COUNTY OFFICE OF EDUCATION,California,28053000.0,4661000.0,2568000.0,35282000.0
424,IRVINE UNIFIED,California,125971000.0,44189000.0,14411000.0,184571000.0
425,ISLAND UNION ELEMENTARY,California,3148000.0,431000.0,220000.0,3799000.0
426,JACOBY CREEK ELEMENTARY,California,2956000.0,319000.0,143000.0,3418000.0
427,JAMESTOWN ELEMENTARY,California,2304000.0,610000.0,384000.0,3298000.0
428,JAMUL-DULZURA UNION ELEMENTARY,California,4830000.0,986000.0,677000.0,6493000.0
429,JANESVILLE UNION ELEMENTARY,California,2529000.0,384000.0,169000.0,3082000.0
430,JEFFERSON ELEMENTARY,California,110000.0,48000.0,22000.0,180000.0
431,JEFFERSON ELEMENTARY,California,42063000.0,9451000.0,4993000.0,56507000.0
432,JEFFERSON ELEMENTARY,California,15486000.0,2828000.0,895000.0,19209000.0
433,JEFFERSON UNION HIGH,California,25678000.0,7720000.0,2390000.0,35788000.0
434,JOHN SWETT UNIFIED,California,9869000.0,2383000.0,1506000.0,13758000.0
435,JOHNSTONVILLE ELEMENTARY,California,1434000.0,242000.0,106000.0,1782000.0
436,JULIAN UNION ELEMENTARY,California,40083000.0,4580000.0,1420000.0,46083000.0
437,JULIAN UNION HIGH,California,772000.0,406000.0,64000.0,1242000.0
438,JUNCTION CITY ELEMENTARY,California,665000.0,186000.0,123000.0,974000.0
439,JUNCTION ELEMENTARY,California,407000.0,41000.0,76000.0,524000.0
440,JUNCTION ELEMENTARY,California,1519000.0,260000.0,116000.0,1895000.0
441,JURUPA UNIFIED,California,181106000.0,31715000.0,19460000.0,232281000.0
442,KASHIA ELEMENTARY,California,203000.0,33000.0,58000.0,294000.0
443,KELSEYVILLE UNIFIED,California,12553000.0,2554000.0,1884000.0,16991000.0
444,KENTFIELD ELEMENTARY,California,8552000.0,1948000.0,193000.0,10693000.0
445,KENWOOD,California,941000.0,430000.0,39000.0,1410000.0
446,KEPPEL UNION ELEMENTARY,California,23855000.0,3927000.0,3141000.0,30923000.0
447,KERMAN UNIFIED,California,49831000.0,5855000.0,5928000.0,61614000.0
448,KERN COUNTY OFFICE OF EDUCATION,California,189882000.0,48741000.0,64579000.0,303202000.0
449,KERN COUNTY ROP,California,0.0,0.0,0.0,0.0
450,KERN HIGH,California,301669000.0,69654000.0,40860000.0,412183000.0
451,KERN HIGH ROC,California,0.0,0.0,0.0,0.0
452,KERNVILLE UNION ELEMENTARY,California,7168000.0,1290000.0,1523000.0,9981000.0
453,KEYES UNION,California,10440000.0,1325000.0,1040000.0,12805000.0
454,KING CITY UNION,California,22296000.0,5041000.0,2667000.0,30004000.0
455,KINGS CANYON JOINT UNIFIED,California,99023000.0,15933000.0,11660000.0,126616000.0
456,KINGS COUNTY OFFICE OF EDUCATION,California,34436000.0,4042000.0,10856000.0,49334000.0
457,KINGS COUNTY ROP,California,0.0,0.0,0.0,0.0
458,KINGS RIVER UNION ELEMENTARY,California,4307000.0,540000.0,877000.0,5724000.0
459,KINGS RIVER-HARDWICK UNION ELEMENTARY,California,6514000.0,630000.0,240000.0,7384000.0
460,KINGS SCHOOLS TRANSPORTATION AUTHORITY JPA,California,1314000.0,0.0,0.0,1314000.0
461,KINGSBURG ELEMENTARY CHARTER,California,17956000.0,1809000.0,1782000.0,21547000.0
462,KINGSBURG JOINT UNION HIGH,California,8883000.0,2008000.0,877000.0,11768000.0
463,KIRKWOOD ELEMENTARY,California,836000.0,134000.0,73000.0,1043000.0
464,KIT CARSON UNION ELEMENTARY,California,9439000.0,865000.0,454000.0,10758000.0
465,KLAMATH RIVER UNION ELEMENTARY,California,174000.0,58000.0,45000.0,277000.0
466,KLAMATH-TRINITY JOINT UNIFIED,California,10427000.0,41721000.0,6145000.0,58293000.0
467,KNEELAND ELEMENTARY,California,297000.0,67000.0,27000.0,391000.0
468,KNIGHTS FERRY ELEMENTARY,California,863000.0,71000.0,31000.0,965000.0
469,KNIGHTSEN ELEMENTARY,California,3206000.0,599000.0,346000.0,4151000.0
470,KONOCTI UNIFIED,California,28409000.0,4417000.0,4549000.0,37375000.0
471,LA CANADA UNIFIED,California,26759000.0,4321000.0,930000.0,32010000.0
472,LA HABRA CITY ELEMENTARY,California,31283000.0,7169000.0,4369000.0,42821000.0
473,LA HONDA-PESCADERO UNIFIED,California,1276000.0,724000.0,1065000.0,3065000.0
474,LA MESA-SPRING VALLEY,California,85612000.0,18209000.0,11137000.0,114958000.0
475,LA PUENTE VALLEY ROP,California,4682000.0,193000.0,0.0,4875000.0
476,LA PUENTE VALLEY ROP,California,0.0,0.0,0.0,0.0
477,LAFAYETTE ELEMENTARY,California,18529000.0,4739000.0,834000.0,24102000.0
478,LAGUNA BEACH UNIFIED,California,6006000.0,5785000.0,1064000.0,12855000.0
479,LAGUNA JOINT ELEMENTARY,California,165000.0,30000.0,16000.0,211000.0
480,LAGUNITA ELEMENTARY,California,702000.0,104000.0,59000.0,865000.0
481,LAGUNITAS ELEMENTARY,California,1603000.0,350000.0,92000.0,2045000.0
482,LAKE COUNTY OFFICE OF EDUCATION,California,11062000.0,2985000.0,4396000.0,18443000.0
483,LAKE COUNTY ROP,California,0.0,0.0,0.0,0.0
484,LAKE ELEMENTARY,California,1350000.0,128000.0,98000.0,1576000.0
485,LAKE ELSINORE UNIFIED,California,180551000.0,33019000.0,18313000.0,231883000.0
486,LAKE TAHOE UNIFIED,California,21611000.0,5592000.0,3339000.0,30542000.0
487,LAKEPORT UNIFIED,California,10254000.0,2040000.0,1765000.0,14059000.0
488,LAKESIDE JOINT,California,516000.0,92000.0,65000.0,673000.0
489,LAKESIDE UNION,California,11466000.0,1115000.0,1047000.0,13628000.0
490,LAKESIDE UNION ELEMENTARY,California,3089000.0,359000.0,623000.0,4071000.0
491,LAKESIDE UNION ELEMENTARY,California,43768000.0,7336000.0,4911000.0,56015000.0
492,LAMMERSVILLE JOINT UNIFIED,California,30402000.0,3576000.0,1234000.0,35212000.0
493,LAMONT ELEMENTARY,California,31585000.0,3838000.0,5715000.0,41138000.0
494,LANCASTER ELEMENTARY,California,131608000.0,16505000.0,15069000.0,163182000.0
495,LARKSPUR-CORTE MADERA,California,8101000.0,2246000.0,515000.0,10862000.0
496,LAS LOMITAS ELEMENTARY,California,7635000.0,2447000.0,287000.0,10369000.0
497,LAS VIRGENES UNIFIED,California,60730000.0,10535000.0,5434000.0,76699000.0
498,LASSEN COUNTY OFFICE OF EDUCATION,California,7773000.0,1735000.0,2005000.0,11513000.0
499,LASSEN ROP,California,0.0,0.0,0.0,0.0
500,LASSEN UNION HIGH,California,5441000.0,1262000.0,329000.0,7032000.0
501,LASSEN VIEW UNION ELEMENTARY,California,1990000.0,341000.0,234000.0,2565000.0
502,LATON JOINT UNIFIED,California,6416000.0,1233000.0,860000.0,8509000.0
503,LATROBE,California,1227000.0,327000.0,64000.0,1618000.0
504,LAWNDALE ELEMENTARY,California,65113000.0,59025000.0,27600000.0,151738000.0
505,LAYTONVILLE UNIFIED,California,2630000.0,683000.0,511000.0,3824000.0
506,LE GRAND UNION ELEMENTARY,California,3393000.0,477000.0,639000.0,4509000.0
507,LE GRAND UNION HIGH,California,4670000.0,1006000.0,887000.0,6563000.0
508,LEGGETT VALLEY UNIFIED,California,1895000.0,591000.0,133000.0,2619000.0
509,LEMON GROVE,California,33076000.0,5868000.0,4929000.0,43873000.0
510,LEMOORE UNION ELEMENTARY,California,28139000.0,4303000.0,2430000.0,34872000.0
511,LEMOORE UNION HIGH,California,21984000.0,3698000.0,1550000.0,27232000.0
512,LENNOX,California,58457000.0,10039000.0,9450000.0,77946000.0
513,LEWISTON ELEMENTARY,California,406000.0,138000.0,135000.0,679000.0
514,LIBERTY ELEMENTARY,California,4108000.0,369000.0,53000.0,4530000.0
515,LIBERTY ELEMENTARY,California,4425000.0,435000.0,100000.0,4960000.0
516,LIBERTY UNION HIGH,California,51192000.0,12673000.0,3087000.0,66952000.0
517,LINCOLN ELEMENTARY,California,330000.0,20000.0,20000.0,370000.0
518,LINCOLN UNIFIED,California,81273000.0,13683000.0,7899000.0,102855000.0
519,LINDEN UNIFIED,California,16177000.0,2887000.0,2084000.0,21148000.0
520,LINDSAY UNIFIED,California,47052000.0,8210000.0,11489000.0,66751000.0
521,LINNS VALLEY-POSO FLAT UNION,California,316000.0,28000.0,92000.0,436000.0
522,LITTLE LAKE CITY ELEMENTARY,California,37071000.0,6580000.0,3871000.0,47522000.0
523,LITTLE SHASTA ELEMENTARY,California,222000.0,20000.0,34000.0,276000.0
524,LIVE OAK ELEMENTARY,California,20189000.0,4040000.0,1884000.0,26113000.0
525,LIVE OAK UNIFIED,California,14940000.0,5608000.0,1866000.0,22414000.0
526,LIVERMORE VALLEY JOINT UNIFIED,California,83161000.0,21517000.0,5720000.0,110398000.0
527,LIVINGSTON UNION,California,23190000.0,4548000.0,3626000.0,31364000.0
528,LODI UNIFIED,California,241748000.0,45628000.0,30477000.0,317853000.0
529,LOLETA UNION ELEMENTARY,California,2839000.0,429000.0,501000.0,3769000.0
530,LOMA PRIETA JOINT UNION ELEMENTARY,California,2445000.0,806000.0,147000.0,3398000.0
531,LOMPOC UNIFIED,California,73204000.0,10407000.0,9485000.0,93096000.0
532,LONE PINE UNIFIED,California,1196000.0,455000.0,439000.0,2090000.0
533,LONG BEACH UNIFIED,California,677926000.0,126877000.0,110084000.0,914887000.0
534,LONG BEACH UNIFIED ROP,California,0.0,0.0,0.0,0.0
535,LOOMIS UNION ELEMENTARY,California,16176000.0,3223000.0,801000.0,20200000.0
536,LOS ALAMITOS UNIFIED,California,50058000.0,13087000.0,6883000.0,70028000.0
537,LOS ALTOS ELEMENTARY,California,19858000.0,5884000.0,1106000.0,26848000.0
538,LOS ANGELES COUNTY OFFICE OF EDUCATION,California,357944000.0,74205000.0,279226000.0,711375000.0
539,LOS ANGELES COUNTY ROP,California,0.0,0.0,0.0,0.0
540,LOS ANGELES UNIFIED,California,6096858000.0,1198066000.0,1146298000.0,8441222000.0
541,LOS ANGELES UNIFIED ROCP,California,0.0,0.0,0.0,0.0
542,LOS BANOS UNIFIED,California,95588000.0,15724000.0,9268000.0,120580000.0
543,LOS GATOS UNION ELEMENTARY,California,9313000.0,4235000.0,875000.0,14423000.0
544,LOS GATOS-SARATOGA JOINT UNION HIGH,California,11564000.0,5647000.0,883000.0,18094000.0
545,LOS MOLINOS UNIFIED,California,4898000.0,931000.0,631000.0,6460000.0
546,LOS NIETOS,California,14748000.0,2287000.0,2364000.0,19399000.0
547,LOS OLIVOS ELEMENTARY,California,561000.0,315000.0,28000.0,904000.0
548,LOST HILLS UNION ELEMENTARY,California,4137000.0,477000.0,1581000.0,6195000.0
549,LOWELL JOINT,California,19514000.0,2788000.0,1807000.0,24109000.0
550,LUCERNE ELEMENTARY,California,2048000.0,305000.0,412000.0,2765000.0
551,LUCERNE VALLEY UNIFIED,California,8458000.0,1154000.0,1237000.0,10849000.0
552,LUCIA MAR UNIFIED,California,38239000.0,15370000.0,7355000.0,60964000.0
553,LUTHER BURBANK,California,3368000.0,1515000.0,832000.0,5715000.0
554,LYNWOOD UNIFIED,California,143694000.0,26627000.0,16041000.0,186362000.0
555,MADERA COUNTY SUPERINTENDENT OF SCHOOLS,California,40650000.0,3881000.0,11926000.0,56457000.0
556,MADERA UNIFIED,California,192930000.0,29657000.0,26420000.0,249007000.0
557,MAGNOLIA ELEMENTARY,California,52499000.0,11587000.0,8330000.0,72416000.0
558,MAGNOLIA UNION ELEMENTARY,California,1012000.0,299000.0,54000.0,1365000.0
559,MAMMOTH UNIFIED,California,3025000.0,1730000.0,827000.0,5582000.0
560,MANCHESTER UNION ELEMENTARY,California,140000.0,115000.0,41000.0,296000.0
561,MANHATTAN BEACH UNIFIED,California,37052000.0,9576000.0,1938000.0,48566000.0
562,MANTECA UNIFIED,California,195349000.0,35497000.0,20161000.0,251007000.0
563,MANZANITA ELEMENTARY,California,2179000.0,315000.0,182000.0,2676000.0
564,MAPLE CREEK ELEMENTARY,California,316000.0,24000.0,21000.0,361000.0
565,MAPLE ELEMENTARY,California,2143000.0,673000.0,173000.0,2989000.0
566,MARCUM-ILLINOIS UNION ELEMENTARY,California,2074000.0,259000.0,94000.0,2427000.0
567,MARICOPA UNIFIED,California,5540000.0,494000.0,520000.0,6554000.0
568,MARIN COUNTY OFFICE OF EDUCATION,California,51188000.0,3451000.0,8095000.0,62734000.0
569,MARIN COUNTY ROP,California,3037000.0,0.0,0.0,3037000.0
570,MARIN PUPIL TRANSPORTATION AGENCY JPA,California,0.0,0.0,0.0,0.0
571,MARIPOSA COUNTY OFFICE OF EDUCATION,California,2930000.0,689000.0,588000.0,4207000.0
572,MARIPOSA COUNTY UNIFIED,California,7175000.0,2639000.0,1312000.0,11126000.0
573,MARK TWAIN UNION ELEMENTARY,California,3605000.0,947000.0,620000.0,5172000.0
574,MARK WEST UNION ELEMENTARY,California,8522000.0,1624000.0,779000.0,10925000.0
575,MARTINEZ UNIFIED,California,18848000.0,10916000.0,2550000.0,32314000.0
576,MARYSVILLE JOINT UNIFIED,California,83780000.0,14403000.0,12708000.0,110891000.0
577,MATTOLE UNIFIED,California,6688000.0,1062000.0,137000.0,7887000.0
578,MAXWELL UNIFIED,California,2425000.0,620000.0,307000.0,3352000.0
579,MCCABE UNION ELEMENTARY,California,9948000.0,1429000.0,465000.0,11842000.0
580,MCCLOUD UNION ELEMENTARY,California,456000.0,140000.0,112000.0,708000.0
581,MCFARLAND UNIFIED,California,33158000.0,4370000.0,5422000.0,42950000.0
582,MCKINLEYVILLE UNION ELEMENTARY,California,5427000.0,1299000.0,953000.0,7679000.0
583,MCKITTRICK ELEMENTARY,California,528000.0,126000.0,20000.0,674000.0
584,MCSWAIN UNION ELEMENTARY,California,6186000.0,915000.0,408000.0,7509000.0
585,MEADOWS UNION ELEMENTARY,California,4484000.0,1042000.0,898000.0,6424000.0
586,MENDOCINO COUNTY OFFICE OF EDUCATION,California,21654000.0,4697000.0,4867000.0,31218000.0
587,MENDOCINO COUNTY ROC/ROP,California,0.0,0.0,0.0,0.0
588,MENDOCINO UNIFIED,California,5125000.0,1082000.0,292000.0,6499000.0
589,MENDOTA UNIFIED,California,33768000.0,4527000.0,5444000.0,43739000.0
590,MENIFEE UNION ELEMENTARY,California,88703000.0,14476000.0,5461000.0,108640000.0
591,MENLO PARK CITY ELEMENTARY,California,15321000.0,4693000.0,821000.0,20835000.0
592,MERCED CITY ELEMENTARY,California,99483000.0,18278000.0,14384000.0,132145000.0
593,MERCED COUNTY OFFICE OF EDUCATION,California,70386000.0,17756000.0,37955000.0,126097000.0
594,MERCED COUNTY ROP,California,0.0,0.0,0.0,0.0
595,MERCED RIVER UNION ELEMENTARY,California,1149000.0,185000.0,221000.0,1555000.0
596,MERCED UNION HIGH,California,100260000.0,19034000.0,11137000.0,130431000.0
597,MERIDIAN ELEMENTARY,California,1246000.0,83000.0,173000.0,1502000.0
598,MESA UNION ELEMENTARY,California,4613000.0,457000.0,402000.0,5472000.0
599,METRO EDUCATION,California,0.0,0.0,0.0,0.0
600,METROPOLITAN EDUCATION,California,12595000.0,4379000.0,447000.0,17421000.0
601,MID-PLACER TRANSPORTATION JPA,California,2404000.0,0.0,0.0,2404000.0
602,MIDDLETOWN UNIFIED,California,11832000.0,2011000.0,1566000.0,15409000.0
603,MIDWAY ELEMENTARY,California,493000.0,101000.0,66000.0,660000.0
604,MILL VALLEY ELEMENTARY,California,23422000.0,4899000.0,881000.0,29202000.0
605,MILLBRAE ELEMENTARY,California,12106000.0,2815000.0,981000.0,15902000.0
606,MILLVILLE ELEMENTARY,California,1661000.0,250000.0,138000.0,2049000.0
607,MILPITAS UNIFIED,California,61483000.0,18174000.0,5862000.0,85519000.0
608,MISSION TRAILS ROP,California,0.0,0.0,0.0,0.0
609,MISSION TRAILS ROP JPA,California,0.0,6797000.0,0.0,6797000.0
610,MISSION UNION ELEMENTARY,California,1084000.0,246000.0,18000.0,1348000.0
611,MISSION VALLEY ROC/P,California,0.0,0.0,0.0,0.0
612,MISSION VALLEY ROC/P,California,6869000.0,5629000.0,0.0,12498000.0
613,MODESTO CITY ELEMENTARY,California,0.0,0.0,0.0,0.0
614,MODESTO CITY HIGH,California,0.0,0.0,0.0,0.0
615,MODESTO CITY SCHOOLS,California,274533000.0,56062000.0,36407000.0,367002000.0
616,MODOC COUNTY OFFICE OF EDUCATION,California,3993000.0,1165000.0,1995000.0,7153000.0
617,MODOC COUNTY ROP,California,0.0,0.0,0.0,0.0
618,MODOC JOINT UNIFIED,California,5003000.0,2509000.0,715000.0,8227000.0
619,MOJAVE UNIFIED,California,20182000.0,3288000.0,3568000.0,27038000.0
620,MONO COUNTY OFFICE OF EDUCATION,California,9164000.0,1506000.0,1021000.0,11691000.0
621,MONO COUNTY ROC/P,California,0.0,0.0,0.0,0.0
622,MONROE ELEMENTARY,California,1646000.0,219000.0,344000.0,2209000.0
623,MONROVIA UNIFIED,California,45665000.0,14281000.0,6407000.0,66353000.0
624,MONSON-SULTANA JOINT UNION ELEMENTARY,California,4105000.0,652000.0,529000.0,5286000.0
625,MONTAGUE ELEMENTARY,California,1727000.0,477000.0,267000.0,2471000.0
626,MONTE RIO UNION ELEMENTARY,California,910000.0,128000.0,40000.0,1078000.0
627,MONTEBELLO UNIFIED,California,256438000.0,63624000.0,45365000.0,365427000.0
628,MONTECITO UNION ELEMENTARY,California,761000.0,608000.0,74000.0,1443000.0
629,MONTEREY COUNTY OFFICE OF EDUCATION,California,99606000.0,8960000.0,32463000.0,141029000.0
630,MONTEREY PENINSULA UNIFIED,California,69101000.0,15905000.0,10258000.0,95264000.0
631,MONTGOMERY ELEMENTARY,California,197000.0,69000.0,28000.0,294000.0
632,MOORPARK UNIFIED,California,44347000.0,6643000.0,2747000.0,53737000.0
633,MORAGA ELEMENTARY,California,11997000.0,2722000.0,423000.0,15142000.0
634,MORELAND,California,25260000.0,7611000.0,2405000.0,35276000.0
635,MORENO VALLEY UNIFIED,California,353289000.0,84666000.0,39875000.0,477830000.0
636,MORGAN HILL UNIFIED,California,34024000.0,12547000.0,5677000.0,52248000.0
637,MORONGO UNIFIED,California,74471000.0,11992000.0,11738000.0,98201000.0
638,MOTHER LODE UNION ELEMENTARY,California,6310000.0,1446000.0,832000.0,8588000.0
639,MOUNT PLEASANT ELEMENTARY,California,38028000.0,10926000.0,28440000.0,77394000.0
640,MOUNTAIN ELEMENTARY,California,489000.0,174000.0,25000.0,688000.0
641,MOUNTAIN EMPIRE UNIFIED,California,14297000.0,2408000.0,2733000.0,19438000.0
642,MOUNTAIN HOUSE ELEMENTARY,California,309000.0,30000.0,29000.0,368000.0
643,MOUNTAIN UNION ELEMENTARY,California,465000.0,85000.0,84000.0,634000.0
644,MOUNTAIN VALLEY UNIFIED,California,2582000.0,824000.0,444000.0,3850000.0
645,MOUNTAIN VIEW ELEMENTARY,California,72934000.0,14423000.0,12056000.0,99413000.0
646,MOUNTAIN VIEW ELEMENTARY,California,20699000.0,2968000.0,1214000.0,24881000.0
647,MOUNTAIN VIEW WHISMAN,California,22838000.0,7144000.0,4175000.0,34157000.0
648,MOUNTAIN VIEW-LOS ALTOS UNION HIGH,California,13308000.0,11597000.0,1588000.0,26493000.0
649,MT. BALDY JOINT ELEMENTARY,California,948000.0,128000.0,60000.0,1136000.0
650,MT. DIABLO UNIFIED,California,190102000.0,61214000.0,29074000.0,280390000.0
651,MT. SHASTA UNION ELEMENTARY,California,3362000.0,700000.0,426000.0,4488000.0
652,MULBERRY ELEMENTARY,California,680000.0,88000.0,48000.0,816000.0
653,MUPU ELEMENTARY,California,1278000.0,215000.0,31000.0,1524000.0
654,MUROC JOINT UNIFIED,California,12837000.0,1838000.0,7047000.0,21722000.0
655,MURRIETA VALLEY UNIFIED,California,160349000.0,31227000.0,12250000.0,203826000.0
656,N. CO REGIONAL OCCUPATIONAL PROGRAM JPA,California,0.0,0.0,0.0,0.0
657,NAPA COUNTY OFFICE OF EDUCATION,California,28751000.0,7075000.0,14445000.0,50271000.0
658,NAPA COUNTY ROP,California,0.0,0.0,0.0,0.0
659,NAPA VALLEY UNIFIED,California,59107000.0,27152000.0,13709000.0,99968000.0
660,NATIONAL ELEMENTARY,California,54897000.0,9768000.0,9508000.0,74173000.0
661,NATOMAS UNIFIED,California,121108000.0,21833000.0,10419000.0,153360000.0
662,NEEDLES UNIFIED,California,8932000.0,1374000.0,2216000.0,12522000.0
663,NEVADA CITY ELEMENTARY,California,2796000.0,1027000.0,327000.0,4150000.0
664,NEVADA CO CHARTER SERVICES AUTHORITY (JPA),California,0.0,0.0,0.0,0.0
665,NEVADA COUNTY OFFICE OF EDUCATION,California,26479000.0,5724000.0,3402000.0,35605000.0
666,NEVADA COUNTY PUPIL TRANSPORTATION,California,9000.0,0.0,0.0,9000.0
667,NEVADA JOINT UNION HIGH,California,13900000.0,4561000.0,2174000.0,20635000.0
668,NEW HAVEN UNIFIED,California,83134000.0,20978000.0,12002000.0,116114000.0
669,NEW HOPE ELEMENTARY,California,2013000.0,251000.0,147000.0,2411000.0
670,NEW JERUSALEM ELEMENTARY,California,22793000.0,2716000.0,870000.0,26379000.0
671,NEWARK UNIFIED,California,39066000.0,9110000.0,4131000.0,52307000.0
672,NEWCASTLE ELEMENTARY,California,9813000.0,1264000.0,183000.0,11260000.0
673,NEWHALL,California,40872000.0,10896000.0,2380000.0,54148000.0
674,NEWMAN-CROWS LANDING UNIFIED,California,25458000.0,3653000.0,3051000.0,32162000.0
675,NEWPORT-MESA UNIFIED,California,44805000.0,27211000.0,18570000.0,90586000.0
676,NICASIO,California,314000.0,82000.0,22000.0,418000.0
677,NORRIS ELEMENTARY,California,32094000.0,3234000.0,1098000.0,36426000.0
678,NORTH COUNTY JOINT UNION ELEMENTARY,California,3879000.0,815000.0,398000.0,5092000.0
679,NORTH COUNTY REGIONAL OCCUPATIONAL CENTER/PROGRAM (ROC/P),California,1266000.0,20000.0,0.0,1286000.0
680,NORTH COW CREEK ELEMENTARY,California,1829000.0,408000.0,63000.0,2300000.0
681,NORTH KERN VOCATIONAL TRAINING CENTER,California,0.0,0.0,0.0,0.0
682,NORTH KERN VOCATIONAL TRAINING CENTER JPA,California,1083000.0,18000.0,0.0,1101000.0
683,NORTH MONTEREY COUNTY UNIFIED,California,31506000.0,8549000.0,6090000.0,46145000.0
684,NORTH ORANGE COUNTY ROP JPA,California,16639000.0,371000.0,186000.0,17196000.0
685,NORTH ORANGE COUNTY ROP-ADULT,California,0.0,0.0,0.0,0.0
686,NORTH SANTA CRUZ COUNTY SELPA,California,360000.0,0.0,0.0,360000.0
687,NORTHERN CALIF. MEDI-CAL ADMIN. SERVICES JPA,California,0.0,0.0,0.0,0.0
688,NORTHERN HUMBOLDT UNION HIGH,California,13269000.0,3480000.0,1041000.0,17790000.0
689,NORWALK-LA MIRADA UNIFIED,California,170747000.0,27613000.0,20852000.0,219212000.0
690,NOVATO UNIFIED,California,44345000.0,9954000.0,4382000.0,58681000.0
691,NUESTRO ELEMENTARY,California,4193000.0,407000.0,40000.0,4640000.0
692,NUVIEW UNION,California,20438000.0,3702000.0,1727000.0,25867000.0
693,OAK GROVE ELEMENTARY,California,60841000.0,14455000.0,6852000.0,82148000.0
694,OAK GROVE UNION ELEMENTARY,California,7678000.0,963000.0,325000.0,8966000.0
695,OAK PARK UNIFIED,California,30423000.0,4149000.0,1143000.0,35715000.0
696,OAK RUN ELEMENTARY,California,489000.0,68000.0,58000.0,615000.0
697,OAK VALLEY UNION ELEMENTARY,California,4918000.0,536000.0,458000.0,5912000.0
698,OAK VIEW UNION ELEMENTARY,California,2946000.0,436000.0,249000.0,3631000.0
699,OAKDALE JOINT UNIFIED,California,35244000.0,7366000.0,3082000.0,45692000.0
700,OAKLAND UNIFIED,California,387163000.0,75792000.0,65462000.0,528417000.0
701,OAKLEY UNION ELEMENTARY,California,31079000.0,6710000.0,2808000.0,40597000.0
702,OCEAN VIEW,California,24325000.0,4219000.0,3201000.0,31745000.0
703,OCEAN VIEW,California,43879000.0,14507000.0,6371000.0,64757000.0
704,OCEANSIDE UNIFIED,California,134855000.0,29179000.0,24328000.0,188362000.0
705,OJAI UNIFIED,California,12469000.0,4188000.0,1765000.0,18422000.0
706,OLD ADOBE UNION,California,11138000.0,2594000.0,1250000.0,14982000.0
707,ONTARIO-MONTCLAIR,California,207620000.0,37468000.0,28772000.0,273860000.0
708,ORANGE CENTER,California,3654000.0,530000.0,674000.0,4858000.0
709,ORANGE COUNTY DEPARTMENT OF EDUCATION,California,215266000.0,55974000.0,35114000.0,306354000.0
710,ORANGE UNIFIED,California,127367000.0,44900000.0,19146000.0,191413000.0
711,ORCHARD ELEMENTARY,California,4500000.0,1071000.0,619000.0,6190000.0
712,ORCUTT UNION ELEMENTARY,California,33370000.0,6718000.0,2684000.0,42772000.0
713,ORICK ELEMENTARY,California,314000.0,91000.0,36000.0,441000.0
714,ORINDA UNION ELEMENTARY,California,16885000.0,3525000.0,499000.0,20909000.0
715,ORLAND JOINT UNIFIED,California,17215000.0,1968000.0,2142000.0,21325000.0
716,ORO GRANDE,California,10369000.0,464000.0,996000.0,11829000.0
717,OROVILLE CITY ELEMENTARY,California,22608000.0,3681000.0,2738000.0,29027000.0
718,OROVILLE UNION HIGH,California,19648000.0,3848000.0,2142000.0,25638000.0
719,OUTSIDE CREEK ELEMENTARY,California,895000.0,110000.0,140000.0,1145000.0
720,OWENS VALLEY UNIFIED,California,218000.0,121000.0,116000.0,455000.0
721,OXNARD,California,151160000.0,29025000.0,21175000.0,201360000.0
722,OXNARD UNION HIGH,California,128484000.0,29157000.0,12781000.0,170422000.0
723,PACHECO UNION ELEMENTARY,California,3962000.0,646000.0,828000.0,5436000.0
724,PACIFIC ELEMENTARY,California,994000.0,318000.0,68000.0,1380000.0
725,PACIFIC GROVE UNIFIED,California,6303000.0,5039000.0,828000.0,12170000.0
726,PACIFIC UNION ELEMENTARY,California,3614000.0,455000.0,512000.0,4581000.0
727,PACIFIC UNION ELEMENTARY,California,4155000.0,838000.0,377000.0,5370000.0
728,PACIFICA,California,16179000.0,3652000.0,1055000.0,20886000.0
729,PAJARO VALLEY UNIFIED,California,140102000.0,37939000.0,30051000.0,208092000.0
730,PAJARO VALLEY UNIFIED SELPA,California,0.0,0.0,0.0,0.0
731,PALERMO UNION ELEMENTARY,California,10848000.0,1602000.0,1342000.0,13792000.0
732,PALM SPRINGS UNIFIED,California,214630000.0,43868000.0,26645000.0,285143000.0
733,PALMDALE ELEMENTARY,California,243116000.0,33306000.0,52161000.0,328583000.0
734,PALO ALTO UNIFIED,California,51257000.0,25182000.0,6095000.0,82534000.0
735,PALO VERDE UNIFIED,California,24562000.0,3871000.0,4507000.0,32940000.0
736,PALO VERDE UNION ELEMENTARY,California,4919000.0,627000.0,672000.0,6218000.0
737,PALOS VERDES PENINSULA UNIFIED,California,69452000.0,15506000.0,2908000.0,87866000.0
738,PANAMA-BUENA VISTA UNION,California,154761000.0,22143000.0,15289000.0,192193000.0
739,PANOCHE ELEMENTARY,California,33000.0,14000.0,21000.0,68000.0
740,PARADISE ELEMENTARY,California,1675000.0,98000.0,74000.0,1847000.0
741,PARADISE UNIFIED,California,24882000.0,5478000.0,3602000.0,33962000.0
742,PARAMOUNT UNIFIED,California,148045000.0,24451000.0,19845000.0,192341000.0
743,PARLIER UNIFIED,California,35911000.0,3802000.0,5896000.0,45609000.0
744,PARTNERS IN NUTRITION COOPERATIVE,California,17392000.0,0.0,0.0,17392000.0
745,PASADENA UNIFIED,California,113833000.0,31862000.0,28782000.0,174477000.0
746,PASO ROBLES JOINT UNIFIED,California,25530000.0,9919000.0,5705000.0,41154000.0
747,PATTERSON JOINT UNIFIED,California,52749000.0,6327000.0,5316000.0,64392000.0
748,PENINSULA UNION,California,496000.0,100000.0,65000.0,661000.0
749,PENN VALLEY UNION ELEMENTARY,CALIFORNIA,1971000.0,1098000.0,459000.0,3528000.0
750,PERRIS ELEMENTARY,California,54642000.0,10489000.0,9660000.0,74791000.0
751,PERRIS UNION HIGH,California,90860000.0,15814000.0,12171000.0,118845000.0
752,PETALUMA CITY ELEMENTARY,California,0.0,0.0,0.0,0.0
753,PETALUMA CITY ELEMENTARY/JOINT UNION HIGH,California,45595000.0,12718000.0,4014000.0,62327000.0
754,PETALUMA JOINT UNION HIGH,California,0.0,0.0,0.0,0.0
755,PIEDMONT CITY UNIFIED,California,26264000.0,4954000.0,1200000.0,32418000.0
756,PIERCE JOINT UNIFIED,California,10643000.0,2518000.0,973000.0,14134000.0
757,PINE RIDGE ELEMENTARY,California,491000.0,146000.0,54000.0,691000.0
758,PINER-OLIVET UNION ELEMENTARY,California,9941000.0,2099000.0,713000.0,12753000.0
759,PIONEER UNION ELEMENTARY,California,368000.0,99000.0,112000.0,579000.0
760,PIONEER UNION ELEMENTARY,California,1385000.0,475000.0,255000.0,2115000.0
761,PIONEER UNION ELEMENTARY,California,13499000.0,1600000.0,984000.0,16083000.0
762,PITTSBURG UNIFIED,California,115197000.0,21587000.0,10354000.0,147138000.0
763,PIXLEY UNION ELEMENTARY,California,10729000.0,1566000.0,1796000.0,14091000.0
764,PLACENTIA-YORBA LINDA UNIFIED,California,142413000.0,38678000.0,18894000.0,199985000.0
765,PLACER COUNTY OFFICE OF EDUCATION,California,78859000.0,17257000.0,16528000.0,112644000.0
766,PLACER HILLS UNION ELEMENTARY,California,2339000.0,770000.0,386000.0,3495000.0
767,PLACER UNION HIGH,California,18801000.0,7098000.0,1569000.0,27468000.0
768,PLACERVILLE UNION ELEMENTARY,California,7970000.0,2003000.0,1003000.0,10976000.0
769,PLAINSBURG UNION ELEMENTARY,California,559000.0,193000.0,100000.0,852000.0
770,PLANADA ELEMENTARY,California,7635000.0,997000.0,1236000.0,9868000.0
771,PLAZA ELEMENTARY,California,1365000.0,146000.0,122000.0,1633000.0
772,PLEASANT GROVE JOINT UNION,California,1270000.0,195000.0,88000.0,1553000.0
773,PLEASANT RIDGE UNION ELEMENTARY,California,3754000.0,1381000.0,525000.0,5660000.0
774,PLEASANT VALLEY,California,44811000.0,6087000.0,3683000.0,54581000.0
775,PLEASANT VALLEY JOINT UNION ELEMENTARY,California,269000.0,152000.0,52000.0,473000.0
776,PLEASANT VIEW ELEMENTARY,California,5004000.0,566000.0,872000.0,6442000.0
777,PLEASANTON UNIFIED,California,88805000.0,22675000.0,8303000.0,119783000.0
778,PLUMAS COUNTY OFFICE OF EDUCATION,California,2597000.0,340000.0,353000.0,3290000.0
779,PLUMAS COUNTY ROP,California,0.0,0.0,0.0,0.0
780,PLUMAS LAKE ELEMENTARY,California,11065000.0,1469000.0,2854000.0,15388000.0
781,PLUMAS UNIFIED,California,5921000.0,2642000.0,2344000.0,10907000.0
782,POINT ARENA JOINT UNION HIGH,California,0.0,0.0,0.0,0.0
783,POLLOCK PINES ELEMENTARY,California,4530000.0,739000.0,511000.0,5780000.0
784,POMONA UNIFIED,California,242650000.0,41531000.0,67665000.0,351846000.0
785,POND UNION ELEMENTARY,California,1599000.0,214000.0,260000.0,2073000.0
786,POPE VALLEY UNION ELEMENTARY,California,140000.0,95000.0,26000.0,261000.0
787,PORTERVILLE UNIFIED,California,139831000.0,24532000.0,22500000.0,186863000.0
788,PORTOLA VALLEY ELEMENTARY,California,3311000.0,1165000.0,171000.0,4647000.0
789,POTTER VALLEY COMMUNITY UNIFIED,California,2360000.0,582000.0,243000.0,3185000.0
790,POWAY UNIFIED,California,197188000.0,47359000.0,12196000.0,256743000.0
791,PRINCETON JOINT UNIFIED,California,805000.0,726000.0,110000.0,1641000.0
792,PUPIL TRANSPORTATION CO-OP JPA,California,12091000.0,0.0,56000.0,12147000.0
793,RAISIN CITY ELEMENTARY,California,8758000.0,770000.0,779000.0,10307000.0
794,RAMONA CITY UNIFIED,California,31585000.0,7314000.0,3128000.0,42027000.0
795,RANCHO SANTA FE ELEMENTARY,California,2413000.0,1243000.0,91000.0,3747000.0
796,RAVENDALE-TERMO ELEMENTARY,California,341000.0,19000.0,17000.0,377000.0
797,RAVENSWOOD CITY ELEMENTARY,California,37570000.0,7529000.0,5365000.0,50464000.0
798,RAYMOND-KNOWLES UNION ELEMENTARY,California,470000.0,89000.0,68000.0,627000.0
799,RED BLUFF JOINT UNION HIGH,California,10443000.0,2920000.0,1734000.0,15097000.0
800,RED BLUFF UNION ELEMENTARY,California,17486000.0,2482000.0,2492000.0,22460000.0
801,REDDING ELEMENTARY,California,24150000.0,4987000.0,3107000.0,32244000.0
802,REDLANDS UNIFIED,California,169444000.0,28822000.0,15264000.0,213530000.0
803,REDONDO BEACH UNIFIED,California,57328000.0,13781000.0,5403000.0,76512000.0
804,REDWOOD CITY ELEMENTARY,California,59152000.0,14559000.0,8817000.0,82528000.0
805,REED UNION ELEMENTARY,California,6460000.0,2293000.0,299000.0,9052000.0
806,REEDS CREEK ELEMENTARY,California,1035000.0,131000.0,155000.0,1321000.0
807,REEF-SUNSET UNIFIED,California,27750000.0,6079000.0,3754000.0,37583000.0
808,RESCUE UNION ELEMENTARY,California,20320000.0,4242000.0,1001000.0,25563000.0
809,RIALTO UNIFIED,California,253720000.0,40402000.0,32036000.0,326158000.0
810,RICHFIELD ELEMENTARY,California,1861000.0,259000.0,170000.0,2290000.0
811,RICHGROVE ELEMENTARY,California,8933000.0,2237000.0,1087000.0,12257000.0
812,RICHLAND UNION ELEMENTARY,California,33984000.0,3597000.0,4602000.0,42183000.0
813,RICHMOND ELEMENTARY,California,1510000.0,195000.0,63000.0,1768000.0
814,RIM OF THE WORLD UNIFIED,California,21316000.0,4410000.0,2495000.0,28221000.0
815,RINCON VALLEY UNION ELEMENTARY,California,24766000.0,5136000.0,1931000.0,31833000.0
816,RIO BRAVO-GREELEY UNION ELEMENTARY,California,6969000.0,1011000.0,765000.0,8745000.0
817,RIO DELL ELEMENTARY,California,2593000.0,523000.0,383000.0,3499000.0
818,RIO ELEMENTARY,California,45483000.0,5631000.0,5354000.0,56468000.0
819,RIPON UNIFIED,California,25244000.0,3516000.0,1585000.0,30345000.0
820,RIVER DELTA JOINT UNIFIED,California,11288000.0,3418000.0,1586000.0,16292000.0
821,RIVERBANK UNIFIED,California,27410000.0,4013000.0,3935000.0,35358000.0
822,RIVERDALE JOINT UNIFIED,California,14371000.0,2626000.0,1708000.0,18705000.0
823,RIVERSIDE COUNTY OFFICE OF EDUCATION,California,232884000.0,39400000.0,34010000.0,306294000.0
824,RIVERSIDE COUNTY OFFICE OF EDUCATION ROP,California,0.0,0.0,0.0,0.0
825,RIVERSIDE UNIFIED,California,336547000.0,68085000.0,44622000.0,449254000.0
826,ROBERTS FERRY UNION ELEMENTARY,California,1056000.0,109000.0,141000.0,1306000.0
827,ROBLA ELEMENTARY,California,21003000.0,4829000.0,2687000.0,28519000.0
828,ROCKFORD ELEMENTARY,California,2810000.0,320000.0,264000.0,3394000.0
829,ROCKLIN UNIFIED,California,73150000.0,14021000.0,4116000.0,91287000.0
830,ROMOLAND ELEMENTARY,California,41512000.0,5791000.0,3666000.0,50969000.0
831,ROSEDALE UNION ELEMENTARY,California,53509000.0,5294000.0,2038000.0,60841000.0
832,ROSELAND,California,36474000.0,4831000.0,3673000.0,44978000.0
833,ROSEMEAD ELEMENTARY,California,24090000.0,5098000.0,3395000.0,32583000.0
834,ROSEVILLE CITY ELEMENTARY,California,70686000.0,13794000.0,7045000.0,91525000.0
835,ROSEVILLE JOINT UNION HIGH,California,57284000.0,17691000.0,4019000.0,78994000.0
836,ROSS ELEMENTARY,California,2973000.0,686000.0,85000.0,3744000.0
837,ROSS VALLEY ELEMENTARY,California,13391000.0,3047000.0,670000.0,17108000.0
838,ROUND VALLEY JOINT ELEMENTARY,California,657000.0,111000.0,127000.0,895000.0
839,ROUND VALLEY UNIFIED,California,3797000.0,729000.0,2021000.0,6547000.0
840,ROWLAND UNIFIED,California,124860000.0,29390000.0,19471000.0,173721000.0
841,SACRAMENTO CITY UNIFIED,California,360343000.0,89829000.0,76704000.0,526876000.0
842,SACRAMENTO COUNTY OFFICE OF EDUCATION,California,98287000.0,40406000.0,23284000.0,161977000.0
843,SACRAMENTO COUNTY ROP,California,0.0,0.0,0.0,0.0
844,SADDLEBACK VALLEY UNIFIED,California,112559000.0,41436000.0,13915000.0,167910000.0
845,SAINT HELENA UNIFIED,California,2700000.0,3250000.0,1383000.0,7333000.0
846,SALIDA UNION ELEMENTARY,California,23205000.0,3163000.0,4258000.0,30626000.0
847,SALINAS CITY ELEMENTARY,California,71525000.0,14201000.0,10827000.0,96553000.0
848,SALINAS UNION HIGH,California,122414000.0,23860000.0,13712000.0,159986000.0
849,SAN ANTONIO ROP,California,233000.0,29000.0,0.0,262000.0
850,SAN ANTONIO ROP,California,0.0,0.0,0.0,0.0
851,SAN ANTONIO UNION ELEMENTARY,California,1008000.0,194000.0,276000.0,1478000.0
852,SAN ARDO UNION ELEMENTARY,California,690000.0,163000.0,233000.0,1086000.0
853,SAN BENITO COUNTY OFFICE OF EDUCATION,California,13871000.0,997000.0,601000.0,15469000.0
854,SAN BENITO HIGH,California,19463000.0,3771000.0,2057000.0,25291000.0
855,SAN BERNARDINO CITY UNIFIED,California,533137000.0,87885000.0,79463000.0,700485000.0
856,SAN BERNARDINO COUNTY OFFICE OF EDUCATION,California,303515000.0,37560000.0,76622000.0,417697000.0
857,SAN BERNARDINO COUNTY ROP,California,0.0,0.0,0.0,0.0
858,SAN BRUNO PARK ELEMENTARY,California,12465000.0,4131000.0,1785000.0,18381000.0
859,SAN CARLOS ELEMENTARY,California,22785000.0,4825000.0,777000.0,28387000.0
860,SAN DIEGO COUNTY OFFICE OF EDUCATION,California,352548000.0,64739000.0,102594000.0,519881000.0
861,SAN DIEGO COUNTY ROP,California,0.0,0.0,0.0,0.0
862,SAN DIEGO UNIFIED,California,582558000.0,180042000.0,167351000.0,929951000.0
863,SAN DIEGUITO UNION HIGH,California,28676000.0,20698000.0,4558000.0,53932000.0
864,SAN FRANCISCO COUNTY OFFICE OF EDUCATION,California,150262000.0,7046000.0,13861000.0,171169000.0
865,SAN FRANCISCO COUNTY ROP,California,0.0,0.0,0.0,0.0
866,SAN FRANCISCO UNIFIED,California,328518000.0,88381000.0,54509000.0,471408000.0
867,SAN GABRIEL UNIFIED,California,43674000.0,7588000.0,5020000.0,56282000.0
868,SAN JACINTO UNIFIED,California,92300000.0,16047000.0,11804000.0,120151000.0
869,SAN JOAQUIN COUNTY OFFICE OF EDUCATION,California,148080000.0,28279000.0,43183000.0,219542000.0
870,SAN JOAQUIN COUNTY ROP,California,3193000.0,0.0,0.0,3193000.0
871,SAN JOAQUIN DATA PROCESSING JPA,California,0.0,0.0,0.0,0.0
872,SAN JOSE UNIFIED,California,120485000.0,42977000.0,22056000.0,185518000.0
873,SAN JUAN UNIFIED,California,342218000.0,68006000.0,41090000.0,451314000.0
874,SAN LEANDRO UNIFIED,California,59863000.0,14946000.0,8475000.0,83284000.0
875,SAN LORENZO UNIFIED,California,93532000.0,16471000.0,10105000.0,120108000.0
876,SAN LORENZO VALLEY UNIFIED,California,16319000.0,3808000.0,1248000.0,21375000.0
877,SAN LUCAS UNION ELEMENTARY,California,392000.0,117000.0,249000.0,758000.0
878,SAN LUIS COASTAL UNIFIED,California,14151000.0,11104000.0,4173000.0,29428000.0
879,SAN LUIS OBISPO COUNTY OFFICE OF EDUCATION,California,40806000.0,7135000.0,9296000.0,57237000.0
880,SAN MARCOS UNIFIED,California,164273000.0,27518000.0,13295000.0,205086000.0
881,SAN MARINO UNIFIED,California,24897000.0,3452000.0,972000.0,29321000.0
882,SAN MATEO COUNTY OFFICE OF EDUCATION,California,131631000.0,12781000.0,20271000.0,164683000.0
883,SAN MATEO COUNTY ROP,California,0.0,0.0,0.0,0.0
884,SAN MATEO UNION HIGH,California,27996000.0,19540000.0,3666000.0,51202000.0
885,SAN MATEO-FOSTER CITY,California,40500000.0,14855000.0,5702000.0,61057000.0
886,SAN MIGUEL JOINT UNION,California,5749000.0,1160000.0,814000.0,7723000.0
887,SAN PASQUAL UNION ELEMENTARY,California,3752000.0,773000.0,211000.0,4736000.0
888,SAN PASQUAL VALLEY UNIFIED,California,7088000.0,1757000.0,4512000.0,13357000.0
889,SAN RAFAEL CITY ELEMENTARY,California,28626000.0,7048000.0,4699000.0,40373000.0
890,SAN RAFAEL CITY HIGH,California,7993000.0,4011000.0,1611000.0,13615000.0
891,SAN RAMON VALLEY UNIFIED,California,149755000.0,39595000.0,7116000.0,196466000.0
892,SAN YSIDRO ELEMENTARY,California,35953000.0,7452000.0,4649000.0,48054000.0
893,SANGER UNIFIED,California,111073000.0,20038000.0,13226000.0,144337000.0
894,SANTA ANA UNIFIED,California,457490000.0,107152000.0,88330000.0,652972000.0
895,SANTA BARBARA COUNTY OFFICE OF EDUCATION,California,63675000.0,8624000.0,7896000.0,80195000.0
896,SANTA BARBARA COUNTY ROP,California,0.0,0.0,0.0,0.0
897,SANTA BARBARA COUNTY SELPA JPA,California,2712000.0,1617000.0,771000.0,5100000.0
898,SANTA BARBARA UNIFIED,California,43529000.0,23842000.0,13128000.0,80499000.0
899,SANTA CLARA COUNTY OFFICE OF EDUCATION,California,254402000.0,16877000.0,58525000.0,329804000.0
900,SANTA CLARA COUNTY ROP,California,0.0,0.0,0.0,0.0
901,SANTA CLARA ELEMENTARY,California,339000.0,42000.0,27000.0,408000.0
902,SANTA CLARA UNIFIED,California,113197000.0,27515000.0,10566000.0,151278000.0
903,SANTA CLARITA VLLY SCH FOOD SVS AGENCY JPA,California,4775000.0,379000.0,5836000.0,10990000.0
904,SANTA CRUZ CITY ELEMENTARY,California,0.0,0.0,0.0,0.0
905,SANTA CRUZ CITY ELEMENTARY/HIGH,California,32555000.0,13029000.0,4656000.0,50240000.0
906,SANTA CRUZ CITY HIGH,California,0.0,0.0,0.0,0.0
907,SANTA CRUZ COUNTY OFFICE OF EDUCATION,California,43870000.0,5225000.0,10167000.0,59262000.0
908,SANTA CRUZ COUNTY ROP,California,0.0,0.0,0.0,0.0
909,SANTA MARIA JOINT UNION HIGH,California,54825000.0,11498000.0,6840000.0,73163000.0
910,SANTA MARIA-BONITA,California,142874000.0,24783000.0,24654000.0,192311000.0
911,SANTA MONICA-MALIBU UNIFIED,California,92535000.0,22225000.0,8591000.0,123351000.0
912,SANTA PAULA UNIFIED,California,53676000.0,9598000.0,5913000.0,69187000.0
913,SANTA RITA UNION ELEMENTARY,California,26330000.0,4116000.0,2807000.0,33253000.0
914,SANTA ROSA CITY SCHOOLS,California,74910000.0,24014000.0,12601000.0,111525000.0
915,SANTA ROSA ELEMENTARY,California,0.0,0.0,0.0,0.0
916,SANTA ROSA HIGH,California,0.0,0.0,0.0,0.0
917,SANTA YNEZ VALLEY UNION HIGH,California,1716000.0,1330000.0,188000.0,3234000.0
918,SANTEE,California,50097000.0,8560000.0,3992000.0,62649000.0
919,SARATOGA UNION ELEMENTARY,California,3384000.0,2993000.0,489000.0,6866000.0
920,SAUCELITO ELEMENTARY,California,847000.0,98000.0,69000.0,1014000.0
921,SAUGUS UNION,California,70012000.0,41727000.0,13384000.0,125123000.0
922,SAUSALITO MARIN CITY,California,4468000.0,970000.0,543000.0,5981000.0
923,SAVANNA ELEMENTARY,California,16794000.0,3488000.0,2303000.0,22585000.0
924,SBC - HIGH TECH HIGH,California,0.0,0.0,0.0,0.0
925,SBE - ACADEMIA AVANCE CHARTER,CALIFORNIA,0.0,0.0,0.0,0.0
926,SBE - ANAHUACALMECAC INTERNATIONAL UNIV PREP OF N. AMERICA,CALIFORNIA,0.0,0.0,0.0,0.0
927,SBE - AUDEO CHARTER II,CALIFORNIA,0.0,0.0,0.0,0.0
928,SBE - BARACK OBAMA CHARTER,California,0.0,0.0,0.0,0.0
929,SBE - BAYPOINT PREPARATORY ACADEMY,CALIFORNIA,0.0,0.0,0.0,0.0
930,SBE - LIFELINE EDUCATION CHARTER,California,0.0,0.0,0.0,0.0
931,SBE - MAGNOLIA SCIENCE ACADEMY SANTA ANA,CALIFORNIA,0.0,0.0,0.0,0.0
932,SBE - NEW WEST CHARTER,California,6415000.0,1179000.0,105000.0,7699000.0
933,SBE - OLIVE GROVE CHARTER,CALIFORNIA,0.0,0.0,0.0,0.0
934,SBE - ONEPURPOSE,CALIFORNIA,0.0,0.0,0.0,0.0
935,SBE - PARAMOUNT COLLEGIATE ACADEMY,CALIFORNIA,0.0,0.0,0.0,0.0
936,SBE - PREPA TEC LOS ANGELES HIGH,CALIFORNIA,0.0,0.0,0.0,0.0
937,SBE - RIDGECREST CHARTER,California,0.0,0.0,0.0,0.0
938,SBE - ROCKETSHIP FUTURO ACADEMY,CALIFORNIA,0.0,0.0,0.0,0.0
939,SBE - ROSS VALLEY ELEMENTARY,CALIFORNIA,0.0,0.0,0.0,0.0
940,SBE - THE NEW SCHOOL OF SAN FRANCISCO,CALIFORNIA,0.0,0.0,0.0,0.0
941,SBE - THE SCHOOL OF ARTS AND ENTERPRISE,California,0.0,0.0,0.0,0.0
942,SBE - THRIVE PUBLIC,CALIFORNIA,0.0,0.0,0.0,0.0
943,SBE - WEI YU INTERNATIONAL CHARTER,CALIFORNIA,0.0,0.0,0.0,0.0
944,SCHOOL PROJECT UTILITY RATE REDUCTION,California,0.0,0.0,0.0,0.0
945,SCOTIA UNION ELEMENTARY,California,1669000.0,316000.0,161000.0,2146000.0
946,SCOTT VALLEY UNIFIED,California,5345000.0,1438000.0,832000.0,7615000.0
947,SCOTTS VALLEY UNIFIED,California,10573000.0,2994000.0,821000.0,14388000.0
948,SEBASTOPOL UNION ELEMENTARY,California,5629000.0,1092000.0,566000.0,7287000.0
949,SEELEY UNION ELEMENTARY,California,3284000.0,630000.0,468000.0,4382000.0
950,SEIAD ELEMENTARY,California,333000.0,31000.0,41000.0,405000.0
951,SELMA UNIFIED,California,62581000.0,11090000.0,9148000.0,82819000.0
952,SEMITROPIC ELEMENTARY,California,2178000.0,450000.0,226000.0,2854000.0
953,SEQUOIA UNION ELEMENTARY,California,2416000.0,501000.0,165000.0,3082000.0
954,SEQUOIA UNION HIGH,California,37814000.0,13539000.0,5203000.0,56556000.0
955,SHAFFER UNION ELEMENTARY,California,1487000.0,200000.0,170000.0,1857000.0
956,SHANDON JOINT UNIFIED,California,2316000.0,596000.0,369000.0,3281000.0
957,SHASTA COUNTY OFFICE OF EDUCATION,California,37616000.0,13069000.0,13129000.0,63814000.0
958,SHASTA UNION ELEMENTARY,California,700000.0,305000.0,97000.0,1102000.0
959,SHASTA UNION HIGH,California,41312000.0,7970000.0,3261000.0,52543000.0
960,SHASTA-TRINITY ROP,California,0.0,0.0,0.0,0.0
961,SHASTA-TRINITY ROP JPA,California,1049000.0,229000.0,0.0,1278000.0
962,SHILOH ELEMENTARY,California,1486000.0,235000.0,67000.0,1788000.0
963,SHORELINE UNIFIED,California,3353000.0,1204000.0,2517000.0,7074000.0
964,SIERRA COUNTY OFFICE OF EDUCATION,California,1557000.0,257000.0,274000.0,2088000.0
965,SIERRA SANDS UNIFIED,California,46102000.0,6388000.0,37469000.0,89959000.0
966,SIERRA UNIFIED,California,6738000.0,1754000.0,1272000.0,9764000.0
967,SIERRA-PLUMAS JOINT UNIFIED,California,2266000.0,871000.0,277000.0,3414000.0
968,SILICON VALLEY JOINT POWERS TRANSPORTATION AGENCY,California,0.0,0.0,0.0,0.0
969,SILVER FORK ELEMENTARY,California,219000.0,25000.0,24000.0,268000.0
970,SILVER VALLEY UNIFIED,California,17365000.0,3062000.0,10923000.0,31350000.0
971,SIMI VALLEY UNIFIED,California,110084000.0,26513000.0,8939000.0,145536000.0
972,SISKIYOU COUNTY OFFICE OF EDUCATION,California,15127000.0,2854000.0,3660000.0,21641000.0
973,SISKIYOU ROP,California,0.0,0.0,0.0,0.0
974,SISKIYOU UNION HIGH,California,5189000.0,1044000.0,338000.0,6571000.0
975,SNELLING-MERCED FALLS UNION ELEMENTARY,California,454000.0,109000.0,122000.0,685000.0
976,SNOWLINE JOINT UNIFIED,California,64824000.0,10752000.0,6172000.0,81748000.0
977,SOLANA BEACH ELEMENTARY,California,10607000.0,5303000.0,882000.0,16792000.0
978,SOLANO COUNTY OFFICE OF EDUCATION,California,47426000.0,5162000.0,12786000.0,65374000.0
979,SOLEDAD UNIFIED,California,44926000.0,11551000.0,5209000.0,61686000.0
980,SOLVANG ELEMENTARY,California,2259000.0,606000.0,460000.0,3325000.0
981,SOMIS UNION,California,856000.0,252000.0,241000.0,1349000.0
982,SONOMA COUNTY OFFICE OF EDUCATION,California,92007000.0,11360000.0,19742000.0,123109000.0
983,SONOMA COUNTY ROP,California,0.0,0.0,0.0,0.0
984,SONOMA VALLEY UNIFIED,California,14280000.0,7557000.0,4108000.0,25945000.0
985,SONORA ELEMENTARY,California,3720000.0,921000.0,496000.0,5137000.0
986,SONORA UNION HIGH,California,3735000.0,1763000.0,572000.0,6070000.0
987,SOQUEL UNION ELEMENTARY,California,9857000.0,2678000.0,935000.0,13470000.0
988,SOULSBYVILLE ELEMENTARY,California,2942000.0,691000.0,241000.0,3874000.0
989,SOUTH BAY UNION,California,71390000.0,12800000.0,9189000.0,93379000.0
990,SOUTH BAY UNION ELEMENTARY,California,8044000.0,1428000.0,925000.0,10397000.0
991,SOUTH COUNTY SUPPORT SERVICES AGENCY,California,3604000.0,0.0,0.0,3604000.0
992,SOUTH FORK UNION,California,2058000.0,345000.0,473000.0,2876000.0
993,SOUTH MONTEREY COUNTY JOINT UNION HIGH,California,20339000.0,5149000.0,1834000.0,27322000.0
994,SOUTH PASADENA UNIFIED,California,40688000.0,4899000.0,1996000.0,47583000.0
995,SOUTH SAN FRANCISCO UNIFIED,California,31206000.0,13020000.0,6585000.0,50811000.0
996,SOUTH WHITTIER ELEMENTARY,California,26014000.0,5387000.0,3811000.0,35212000.0
997,SOUTHEAST ROP,California,0.0,0.0,0.0,0.0
998,SOUTHEAST ROP,California,3642000.0,2000.0,10000.0,3654000.0
999,SOUTHERN CALIFORNIA ROC,California,0.0,0.0,0.0,0.0
1000,SOUTHERN CALIFORNIA ROP,California,3361000.0,1289000.0,46000.0,4696000.0
1001,SOUTHERN HUMBOLDT JOINT UNIFIED,California,4343000.0,1361000.0,665000.0,6369000.0
1002,SOUTHERN KERN UNIFIED,California,28205000.0,3931000.0,3852000.0,35988000.0
1003,SOUTHERN PLACER SCHOOLS TRANSPORTATION AUTHORITY,California,48000.0,0.0,0.0,48000.0
1004,SOUTHERN TRINITY JOINT UNIFIED,California,1700000.0,364000.0,166000.0,2230000.0
1005,SOUTHSIDE ELEMENTARY,California,1313000.0,223000.0,94000.0,1630000.0
1006,SOUTHWEST TRANSPORTATION AGENCY,California,3978000.0,1079000.0,0.0,5057000.0
1007,SPENCER VALLEY ELEMENTARY,California,3328000.0,220000.0,482000.0,4030000.0
1008,SPRECKELS UNION ELEMENTARY,California,5612000.0,1013000.0,245000.0,6870000.0
1009,SPRINGVILLE UNION ELEMENTARY,California,1719000.0,322000.0,189000.0,2230000.0
1010,STANDARD ELEMENTARY,California,23955000.0,3144000.0,3518000.0,30617000.0
1011,STANISLAUS COUNTY OFFICE OF EDUCATION,California,137714000.0,23643000.0,50853000.0,212210000.0
1012,STANISLAUS UNION ELEMENTARY,California,24464000.0,3281000.0,3345000.0,31090000.0
1013,STOCKTON UNIFIED,California,362168000.0,67101000.0,49815000.0,479084000.0
1014,STONE CORRAL ELEMENTARY,California,9513000.0,774000.0,202000.0,10489000.0
1015,STONY CREEK JOINT UNIFIED,California,1319000.0,239000.0,308000.0,1866000.0
1016,STRATHMORE UNION ELEMENTARY,California,8017000.0,1028000.0,1168000.0,10213000.0
1017,SULPHUR SPRINGS UNION,California,38257000.0,7584000.0,2623000.0,48464000.0
1018,SUMMERVILLE ELEMENTARY,California,2290000.0,817000.0,574000.0,3681000.0
1019,SUMMERVILLE UNION HIGH,California,8161000.0,1642000.0,241000.0,10044000.0
1020,SUNDALE UNION ELEMENTARY,California,6277000.0,838000.0,559000.0,7674000.0
1021,SUNNYSIDE UNION ELEMENTARY,California,3370000.0,580000.0,630000.0,4580000.0
1022,SUNNYVALE,California,20956000.0,9174000.0,3807000.0,33937000.0
1023,SUNOL GLEN UNIFIED,California,1603000.0,351000.0,50000.0,2004000.0
1024,SURPRISE VALLEY JOINT UNIFIED,California,1190000.0,356000.0,166000.0,1712000.0
1025,SUSANVILLE ELEMENTARY,California,7205000.0,1029000.0,853000.0,9087000.0
1026,SUTTER COUNTY OFFICE OF EDUCATION,California,31305000.0,5629000.0,7347000.0,44281000.0
1027,SUTTER UNION HIGH,California,5317000.0,1036000.0,256000.0,6609000.0
1028,SWEETWATER UNION HIGH,California,351480000.0,75879000.0,34258000.0,461617000.0
1029,SYLVAN UNION ELEMENTARY,California,59458000.0,7292000.0,6770000.0,73520000.0
1030,TAFT CITY,California,20133000.0,3132000.0,2642000.0,25907000.0
1031,TAFT UNION HIGH,California,18113000.0,2427000.0,418000.0,20958000.0
1032,TAHOE-TRUCKEE UNIFIED,California,29709000.0,13517000.0,2291000.0,45517000.0
1033,TAMALPAIS UNION HIGH,California,18925000.0,8962000.0,1287000.0,29174000.0
1034,TEHACHAPI UNIFIED,California,29642000.0,5452000.0,3235000.0,38329000.0
1035,TEHAMA COUNTY DEPARTMENT OF EDUCATION,California,16602000.0,4596000.0,4694000.0,25892000.0
1036,TEHAMA COUNTY ROP,California,0.0,0.0,0.0,0.0
1037,TEMECULA VALLEY UNIFIED,California,192457000.0,37572000.0,12228000.0,242257000.0
1038,TEMPLE CITY UNIFIED,California,44770000.0,6211000.0,2993000.0,53974000.0
1039,TEMPLETON UNIFIED,California,10380000.0,5382000.0,817000.0,16579000.0
1040,TERRA BELLA UNION ELEMENTARY,California,8663000.0,1209000.0,1476000.0,11348000.0
1041,THERMALITO UNION ELEMENTARY,California,13894000.0,2697000.0,3921000.0,20512000.0
1042,THREE RIVERS UNION ELEMENTARY,California,498000.0,126000.0,88000.0,712000.0
1043,TIPTON ELEMENTARY,California,5410000.0,951000.0,611000.0,6972000.0
1044,TORRANCE UNIFIED,California,157721000.0,30064000.0,14795000.0,202580000.0
1045,TRACY JOINT UNIFIED,California,120916000.0,22812000.0,9262000.0,152990000.0
1046,TRAVER JOINT ELEMENTARY,California,2093000.0,295000.0,346000.0,2734000.0
1047,TRAVIS UNIFIED,California,45150000.0,7027000.0,5487000.0,57664000.0
1048,TRES PINOS UNION ELEMENTARY,California,635000.0,89000.0,39000.0,763000.0
1049,TRI-CITIES ROP,California,3324000.0,1971000.0,28000.0,5323000.0
1050,TRI-CITIES ROP,California,0.0,0.0,0.0,0.0
1051,TRI-COUNTY ROP,California,0.0,0.0,0.0,0.0
1052,TRI-VALLEY ROP,California,0.0,0.0,0.0,0.0
1053,TRI-VALLEY ROP JPA,California,3869000.0,3795000.0,181000.0,7845000.0
1054,TRINIDAD UNION ELEMENTARY,California,1110000.0,429000.0,209000.0,1748000.0
1055,TRINITY ALPS UNIFIED,California,4891000.0,1213000.0,838000.0,6942000.0
1056,TRINITY CENTER ELEMENTARY,California,200000.0,45000.0,19000.0,264000.0
1057,TRINITY COUNTY OFFICE OF EDUCATION,California,5219000.0,1323000.0,684000.0,7226000.0
1058,TRONA JOINT UNIFIED,California,4161000.0,513000.0,4172000.0,8846000.0
1059,TULARE CITY,California,88522000.0,12039000.0,11328000.0,111889000.0
1060,TULARE COUNTY OFFICE OF EDUCATION,California,121233000.0,39440000.0,60861000.0,221534000.0
1061,TULARE JOINT UNION HIGH,California,51683000.0,10373000.0,5838000.0,67894000.0
1062,TULELAKE BASIN JOINT UNIFIED,California,3739000.0,900000.0,568000.0,5207000.0
1063,TUOLUMNE COUNTY SUPERINTENDENT OF SCHOOLS,California,9268000.0,1261000.0,1919000.0,12448000.0
1064,TURLOCK UNIFIED,California,118775000.0,20662000.0,11181000.0,150618000.0
1065,TUSTIN UNIFIED,California,133493000.0,36513000.0,14175000.0,184181000.0
1066,TWAIN HARTE,California,906000.0,506000.0,167000.0,1579000.0
1067,TWIN HILLS UNION ELEMENTARY,California,8046000.0,1379000.0,327000.0,9752000.0
1068,TWIN RIDGES ELEMENTARY,California,585000.0,142000.0,205000.0,932000.0
1069,TWIN RIVERS UNIFIED,California,297707000.0,52271000.0,41885000.0,391863000.0
1070,TWO ROCK UNION,California,1281000.0,273000.0,550000.0,2104000.0
1071,UKIAH UNIFIED,California,48994000.0,8654000.0,7215000.0,64863000.0
1072,UNION ELEMENTARY,California,22259000.0,7034000.0,1760000.0,31053000.0
1073,UNION HILL ELEMENTARY,California,4724000.0,1303000.0,337000.0,6364000.0
1074,UNION JOINT ELEMENTARY,California,81000.0,16000.0,20000.0,117000.0
1075,UPLAND UNIFIED,California,81551000.0,14839000.0,8301000.0,104691000.0
1076,UPPER LAKE UNIFIED,CALIFORNIA,7361000.0,1246000.0,1149000.0,9756000.0
1077,UPPER LAKE UNION ELEMENTARY,California,0.0,0.0,0.0,0.0
1078,UPPER LAKE UNION HIGH,California,0.0,0.0,0.0,0.0
1079,VACAVILLE UNIFIED,California,89614000.0,17953000.0,7420000.0,114987000.0
1080,VAL VERDE UNIFIED,California,303345000.0,48157000.0,78594000.0,430096000.0
1081,VALLE LINDO ELEMENTARY,California,10771000.0,1476000.0,1100000.0,13347000.0
1082,VALLECITO UNION,California,1083000.0,534000.0,593000.0,2210000.0
1083,VALLECITOS ELEMENTARY,California,2109000.0,362000.0,143000.0,2614000.0
1084,VALLEJO CITY UNIFIED,California,111173000.0,23518000.0,14231000.0,148922000.0
1085,VALLEY CENTER-PAUMA UNIFIED,California,21750000.0,7046000.0,4985000.0,33781000.0
1086,VALLEY HOME JOINT ELEMENTARY,California,1073000.0,111000.0,95000.0,1279000.0
1087,VALLEY ROP,California,0.0,0.0,0.0,0.0
1088,VALLEY ROP JPA,California,4820000.0,5909000.0,0.0,10729000.0
1089,VENTURA COUNTY OFFICE OF EDUCATION,California,176544000.0,21796000.0,36431000.0,234771000.0
1090,VENTURA COUNTY ROP,California,1347000.0,0.0,0.0,1347000.0
1091,VENTURA COUNTY SCHOOLS BUSINESS SERVICES JPA,California,0.0,0.0,0.0,0.0
1092,VENTURA UNIFIED,California,105408000.0,27049000.0,14618000.0,147075000.0
1093,VICTOR ELEMENTARY,California,114208000.0,15924000.0,14134000.0,144266000.0
1094,VICTOR VALLEY UNION HIGH,California,102782000.0,14499000.0,13679000.0,130960000.0
1095,VINELAND ELEMENTARY,California,7668000.0,897000.0,1624000.0,10189000.0
1096,VISALIA UNIFIED,California,242669000.0,44172000.0,24263000.0,311104000.0
1097,VISTA DEL MAR UNION,California,550000.0,200000.0,101000.0,851000.0
1098,VISTA UNIFIED,California,161203000.0,39684000.0,22437000.0,223324000.0
1099,WALNUT CREEK ELEMENTARY,California,10028000.0,4571000.0,1154000.0,15753000.0
1100,WALNUT VALLEY UNIFIED,California,111117000.0,16666000.0,4886000.0,132669000.0
1101,WARNER UNIFIED,California,3971000.0,618000.0,731000.0,5320000.0
1102,WASCO UNION ELEMENTARY,California,37828000.0,4825000.0,5293000.0,47946000.0
1103,WASCO UNION HIGH,California,14548000.0,2827000.0,1541000.0,18916000.0
1104,WASHINGTON COLONY ELEMENTARY,California,3971000.0,846000.0,612000.0,5429000.0
1105,WASHINGTON UNIFIED,California,72899000.0,11889000.0,7033000.0,91821000.0
1106,WASHINGTON UNIFIED,California,28276000.0,4028000.0,4232000.0,36536000.0
1107,WASHINGTON UNION ELEMENTARY,California,3217000.0,1124000.0,159000.0,4500000.0
1108,WATERFORD UNIFIED,California,21139000.0,2123000.0,2556000.0,25818000.0
1109,WAUGH ELEMENTARY,California,6081000.0,1144000.0,252000.0,7477000.0
1110,WAUKENA JOINT UNION ELEMENTARY,California,2008000.0,654000.0,292000.0,2954000.0
1111,WEAVER UNION,California,26398000.0,4123000.0,3801000.0,34322000.0
1112,WEED UNION ELEMENTARY,California,1731000.0,336000.0,434000.0,2501000.0
1113,WEST CONTRA COSTA UNIFIED,California,233493000.0,40245000.0,35622000.0,309360000.0
1114,WEST COUNTY TRANSPORTATION JPA,California,16423000.0,0.0,0.0,16423000.0
1115,WEST COVINA UNIFIED,California,97793000.0,15766000.0,9350000.0,122909000.0
1116,WEST PARK ELEMENTARY,California,6167000.0,1033000.0,681000.0,7881000.0
1117,WEST SIDE ROP,California,0.0,0.0,0.0,0.0
1118,WEST SIDE ROP JPA,California,0.0,0.0,0.0,0.0
1119,WEST SIDE UNION ELEMENTARY,California,465000.0,319000.0,81000.0,865000.0
1120,WEST SONOMA COUNTY UNION HIGH,California,13729000.0,2598000.0,967000.0,17294000.0
1121,WEST VALLEY SCHOOLS TRANSPORTATION AGENCY JPA,California,3852000.0,0.0,0.0,3852000.0
1122,WESTERN PLACER UNIFIED,California,41007000.0,13653000.0,4075000.0,58735000.0
1123,WESTMINSTER,California,78614000.0,18515000.0,10057000.0,107186000.0
1124,WESTMORLAND UNION ELEMENTARY,California,3439000.0,630000.0,654000.0,4723000.0
1125,WESTSIDE ELEMENTARY,California,12113000.0,1089000.0,469000.0,13671000.0
1126,WESTSIDE UNION ELEMENTARY,California,68582000.0,9893000.0,5124000.0,83599000.0
1127,WESTWOOD UNIFIED,California,2013000.0,586000.0,147000.0,2746000.0
1128,WHEATLAND,California,11225000.0,2559000.0,2484000.0,16268000.0
1129,WHEATLAND UNION HIGH,California,5771000.0,943000.0,476000.0,7190000.0
1130,WHITMORE UNION ELEMENTARY,California,2022000.0,230000.0,347000.0,2599000.0
1131,WHITTIER CITY ELEMENTARY,California,49907000.0,8403000.0,6429000.0,64739000.0
1132,WHITTIER UNION HIGH,California,129573000.0,21344000.0,12083000.0,163000000.0
1133,WILLIAM (R) ROUSE ROP,California,0.0,0.0,0.0,0.0
1134,WILLIAM S. HART UNION HIGH,California,203834000.0,27753000.0,8022000.0,239609000.0
1135,WILLIAMS UNIFIED,California,10401000.0,2018000.0,1245000.0,13664000.0
1136,WILLITS UNIFIED,California,12484000.0,2291000.0,2442000.0,17217000.0
1137,WILLOW CREEK ELEMENTARY,California,435000.0,97000.0,73000.0,605000.0
1138,WILLOW GROVE UNION ELEMENTARY,California,41000.0,22000.0,17000.0,80000.0
1139,WILLOWS UNIFIED,California,9741000.0,1553000.0,1062000.0,12356000.0
1140,WILMAR UNION ELEMENTARY,California,690000.0,407000.0,129000.0,1226000.0
1141,WILSONA ELEMENTARY,California,12515000.0,1838000.0,1868000.0,16221000.0
1142,WINDSOR UNIFIED,California,31197000.0,6964000.0,3400000.0,41561000.0
1143,WINSHIP-ROBBINS,California,1988000.0,337000.0,164000.0,2489000.0
1144,WINTERS JOINT UNIFIED,California,12564000.0,2567000.0,1208000.0,16339000.0
1145,WINTON,California,18820000.0,3615000.0,3040000.0,25475000.0
1146,WISEBURN UNIFIED,CALIFORNIA,29619000.0,35763000.0,954000.0,66336000.0
1147,WOODLAKE UNIFIED,California,22755000.0,4715000.0,3370000.0,30840000.0
1148,WOODLAND JOINT UNIFIED,California,73105000.0,15635000.0,8440000.0,97180000.0
1149,WOODSIDE ELEMENTARY,California,13675000.0,865000.0,96000.0,14636000.0
1150,WOODVILLE UNION ELEMENTARY,California,4503000.0,690000.0,1144000.0,6337000.0
1151,WRIGHT ELEMENTARY,California,12155000.0,2300000.0,1360000.0,15815000.0
1152,YOLO COUNTY OFFICE OF EDUCATION,California,28171000.0,3974000.0,10773000.0,42918000.0
1153,YOLO COUNTY ROP,California,0.0,0.0,0.0,0.0
1154,YOSEMITE ROP,California,0.0,0.0,0.0,0.0
1155,YOSEMITE UNIFIED,California,12881000.0,3060000.0,1278000.0,17219000.0
1156,YREKA UNION ELEMENTARY,California,6935000.0,1028000.0,1473000.0,9436000.0
1157,YREKA UNION HIGH,California,4993000.0,1205000.0,638000.0,6836000.0
1158,YUBA CITY UNIFIED,California,102837000.0,22711000.0,11731000.0,137279000.0
1159,YUBA COUNTY OFFICE OF EDUCATION,California,20818000.0,3279000.0,5200000.0,29297000.0
1160,YUCAIPA-CALIMESA JOINT UNIFIED,California,73160000.0,13339000.0,7105000.0,93604000.0
1161,,,0.0,0.0,0.0,0.0
1162,,,0.0,0.0,0.0,0.0
1163,"Data Source: U.S. Department of Education National Center for Education Statistics Common Core of Data (CCD) ""Local Education Agency (School District) Universe Survey"" 2018-19 v.1a; ""School District Finance Survey (F-33)"" 2016-17 (FY 2017) v.1a.",,0.0,0.0,0.0,0.0
1164,,,0.0,0.0,0.0,0.0
1165, indicates that the data are not applicable.,,0.0,0.0,0.0,0.0
1166, indicates that the data are missing.,,0.0,0.0,0.0,0.0
1167, indicates that the data do not meet NCES data quality standards.,,0.0,0.0,0.0,0.0
